path,paragraph_words_before,paragraphs_over_60_words,longest_paragraph_words
/,1008,2,91
/24-hour-clock-converter/,748,3,70
/24-hour-clock-converter/0000/,368,1,77
/24-hour-clock-converter/0030/,368,1,77
/24-hour-clock-converter/0100/,342,1,61
/24-hour-clock-converter/0130/,338,1,61
/24-hour-clock-converter/0200/,337,1,61
/24-hour-clock-converter/0230/,333,1,61
/24-hour-clock-converter/0300/,334,1,61
/24-hour-clock-converter/0330/,330,1,61
/24-hour-clock-converter/0400/,329,1,61
/24-hour-clock-converter/0430/,325,1,61
/24-hour-clock-converter/0500/,332,1,61
/24-hour-clock-converter/0530/,328,1,61
/24-hour-clock-converter/0600/,336,1,61
/24-hour-clock-converter/0630/,332,1,61
/24-hour-clock-converter/0700/,335,1,61
/24-hour-clock-converter/0730/,331,1,61
/24-hour-clock-converter/0800/,336,1,61
/24-hour-clock-converter/0830/,332,1,61
/24-hour-clock-converter/0900/,333,1,61
/24-hour-clock-converter/0930/,329,1,61
/24-hour-clock-converter/1000/,329,1,61
/24-hour-clock-converter/1030/,325,1,61
/24-hour-clock-converter/1100/,339,1,61
/24-hour-clock-converter/1130/,335,1,61
/24-hour-clock-converter/1200/,333,0,54
/24-hour-clock-converter/1230/,335,0,54
/24-hour-clock-converter/1300/,329,0,51
/24-hour-clock-converter/1330/,325,0,51
/24-hour-clock-converter/1400/,323,0,51
/24-hour-clock-converter/1430/,319,0,51
/24-hour-clock-converter/1500/,324,0,51
/24-hour-clock-converter/1530/,320,0,51
/24-hour-clock-converter/1600/,321,0,51
/24-hour-clock-converter/1630/,317,0,51
/24-hour-clock-converter/1700/,325,0,51
/24-hour-clock-converter/1730/,321,0,51
/24-hour-clock-converter/1800/,322,0,51
/24-hour-clock-converter/1830/,318,0,51
/24-hour-clock-converter/1900/,321,0,51
/24-hour-clock-converter/1930/,317,0,51
/24-hour-clock-converter/2000/,321,0,51
/24-hour-clock-converter/2030/,317,0,51
/24-hour-clock-converter/2100/,321,0,51
/24-hour-clock-converter/2130/,317,0,51
/24-hour-clock-converter/2200/,322,0,51
/24-hour-clock-converter/2230/,318,0,51
/24-hour-clock-converter/2300/,328,0,51
/24-hour-clock-converter/2330/,324,0,51
/about/,1421,9,109
/about/work-with-us/,605,4,72
/admin/reports/,12,0,12
/admin/stats/,192,1,78
/alarm-clock/,448,1,111
/alarm-clock/1-30-am/,312,0,47
/alarm-clock/1-30-pm/,315,0,47
/alarm-clock/1-am/,314,0,47
/alarm-clock/1-pm/,316,0,47
/alarm-clock/10-30-am/,319,0,47
/alarm-clock/10-30-pm/,314,0,47
/alarm-clock/10-am/,319,0,47
/alarm-clock/10-pm/,311,0,47
/alarm-clock/11-30-am/,322,0,47
/alarm-clock/11-30-pm/,316,0,47
/alarm-clock/11-am/,320,0,47
/alarm-clock/11-pm/,313,0,47
/alarm-clock/12-30-am/,313,0,47
/alarm-clock/12-30-pm/,313,0,47
/alarm-clock/12-am/,315,0,47
/alarm-clock/12-pm/,314,0,47
/alarm-clock/2-30-am/,312,0,47
/alarm-clock/2-30-pm/,311,0,47
/alarm-clock/2-am/,314,0,47
/alarm-clock/2-pm/,315,0,47
/alarm-clock/3-30-am/,312,0,47
/alarm-clock/3-30-pm/,312,0,47
/alarm-clock/3-am/,314,0,47
/alarm-clock/3-pm/,315,0,47
/alarm-clock/4-30-am/,321,0,47
/alarm-clock/4-30-pm/,313,0,47
/alarm-clock/4-am/,322,0,47
/alarm-clock/4-pm/,314,0,47
/alarm-clock/5-30-am/,326,0,47
/alarm-clock/5-30-pm/,310,0,47
/alarm-clock/5-am/,325,0,47
/alarm-clock/5-pm/,309,0,47
/alarm-clock/6-30-am/,322,0,47
/alarm-clock/6-30-pm/,314,0,47
/alarm-clock/6-am/,322,0,47
/alarm-clock/6-pm/,310,0,47
/alarm-clock/7-30-am/,323,0,47
/alarm-clock/7-30-pm/,312,0,47
/alarm-clock/7-am/,320,0,47
/alarm-clock/7-pm/,313,0,47
/alarm-clock/8-30-am/,321,0,47
/alarm-clock/8-30-pm/,312,0,47
/alarm-clock/8-am/,321,0,47
/alarm-clock/8-pm/,314,0,47
/alarm-clock/9-30-am/,320,0,47
/alarm-clock/9-30-pm/,315,0,47
/alarm-clock/9-am/,323,0,47
/alarm-clock/9-pm/,313,0,47
/alarm-clock/about/,391,2,107
/alarm-clock/warnings/,401,3,96
/astronomy-countdowns/,110,0,38
/astronomy-countdowns/geminids/,494,2,104
/astronomy-countdowns/perseids/,481,2,109
/astronomy-countdowns/popular/,143,0,48
/astronomy-countdowns/solar-eclipse/,507,2,88
/birthday-countdowns/,111,0,38
/birthday-countdowns/abraham-lincoln/,354,0,53
/birthday-countdowns/adele/,543,3,79
/birthday-countdowns/ariana-grande/,586,3,90
/birthday-countdowns/beyonce/,573,3,89
/birthday-countdowns/bill-gates/,540,3,84
/birthday-countdowns/billie-eilish/,554,3,81
/birthday-countdowns/bruno-mars/,555,3,83
/birthday-countdowns/cristiano-ronaldo/,544,3,81
/birthday-countdowns/dolly-parton/,556,3,84
/birthday-countdowns/dr-seuss/,538,3,76
/birthday-countdowns/dua-lipa/,523,3,77
/birthday-countdowns/dude-perfect/,556,3,78
/birthday-countdowns/dwayne-johnson/,527,3,78
/birthday-countdowns/ed-sheeran/,542,3,84
/birthday-countdowns/emma-watson/,537,3,79
/birthday-countdowns/george-washington/,366,0,50
/birthday-countdowns/gordon-ramsay/,552,3,83
/birthday-countdowns/harry-styles/,544,3,80
/birthday-countdowns/jennifer-lawrence/,505,3,75
/birthday-countdowns/keanu-reeves/,480,3,82
/birthday-countdowns/king-charles/,543,3,82
/birthday-countdowns/lady-gaga/,563,3,85
/birthday-countdowns/lebron-james/,549,3,85
/birthday-countdowns/leonardo-dicaprio/,524,3,78
/birthday-countdowns/lionel-messi/,556,3,91
/birthday-countdowns/mark-rober/,554,3,81
/birthday-countdowns/martin-luther-king-jr/,601,3,84
/birthday-countdowns/michael-jordan/,533,3,80
/birthday-countdowns/mrbeast/,511,3,75
/birthday-countdowns/nick-digiovanni/,541,3,76
/birthday-countdowns/olivia-rodrigo/,503,2,70
/birthday-countdowns/oprah-winfrey/,531,3,78
/birthday-countdowns/patrick-mahomes/,543,3,87
/birthday-countdowns/popular/,143,0,48
/birthday-countdowns/roger-federer/,508,3,72
/birthday-countdowns/ryan-reynolds/,537,3,78
/birthday-countdowns/ryan-trahan/,567,3,88
/birthday-countdowns/scarlett-johansson/,542,3,81
/birthday-countdowns/selena-gomez/,569,3,84
/birthday-countdowns/serena-williams/,544,3,80
/birthday-countdowns/shakira/,516,3,74
/birthday-countdowns/shohei-ohtani/,541,3,84
/birthday-countdowns/simone-biles/,537,3,78
/birthday-countdowns/stephen-curry/,511,3,73
/birthday-countdowns/taylor-swift/,590,1,72
/birthday-countdowns/the-pope/,597,3,94
/birthday-countdowns/timothee-chalamet/,491,2,74
/birthday-countdowns/tom-brady/,526,3,76
/birthday-countdowns/tom-cruise/,542,3,84
/birthday-countdowns/travis-kelce/,528,3,76
/birthday-countdowns/usain-bolt/,535,3,78
/birthday-countdowns/zach-king/,564,3,83
/birthday-countdowns/zendaya/,538,3,84
/browser-limitations/,838,7,106
/calendar/,185,0,38
/classroom/,476,1,91
/classroom/archive/earth-moon-sun-grades-5-6/,866,5,161
/classroom/archive/leap-year-grades-5-6/,800,5,88
/classroom/archive/light-speed-grades-7-8/,972,6,98
/classroom/archive/moon-phases-grades-3-4/,798,5,91
/classroom/archive/moon-phases-grades-5-6/,797,5,91
/classroom/archive/moon-phases-grades-7-8/,798,5,91
/classroom/archive/moon-phases-grades-k-2/,794,5,91
/classroom/archive/moon-phases-high-school/,802,5,91
/classroom/archive/seasons-grades-3-4/,796,5,93
/classroom/archive/seasons-grades-5-6/,794,5,93
/classroom/archive/seasons-grades-k-2/,793,5,93
/classroom/archive/seasons-high-school/,804,5,93
/classroom/archive/solar-system-grades-5-6/,827,5,92
/classroom/archive/solar-system-grades-7-8/,832,5,92
/classroom/archive/solar-system-grades-k-2/,831,5,92
/classroom/archive/solar-system-high-school/,836,6,92
/classroom/lessons/seasons-grades-7-8/,919,6,93
/classroom/lessons/seasons-grades-7-8/student/,107,0,36
/classroom/lessons/solar-system-grades-3-4/,855,5,92
/classroom/submit-a-lesson/,205,0,47
/concepts/does-the-moon-have-a-dark-side/,590,4,100
/concepts/how-are-the-planets-formed/,442,1,68
/concepts/how-do-you-calculate-military-time/,560,2,95
/concepts/how-does-an-orbit-change/,369,1,71
/concepts/how-does-an-orbit-work/,675,4,85
/concepts/what-are-the-moon-phases-called/,663,6,83
/concepts/what-are-the-polar-circles/,423,1,66
/concepts/what-causes-tides/,414,1,71
/concepts/what-is-a-blue-moon/,623,5,100
/concepts/what-is-a-leap-year/,389,1,65
/concepts/what-is-a-sidereal-day/,296,0,51
/concepts/what-is-a-solar-day/,418,1,65
/concepts/what-is-a-solstice/,650,4,108
/concepts/what-is-a-spring-tide/,589,5,112
/concepts/what-is-a-supermoon/,691,6,100
/concepts/what-is-a-synodic-month/,392,0,56
/concepts/what-is-a-time-zone/,424,1,65
/concepts/what-is-an-equinox/,597,5,90
/concepts/what-is-daylight-saving-time/,334,0,57
/concepts/what-is-earths-axial-tilt/,540,1,68
/concepts/what-is-libration/,338,0,52
/concepts/what-is-the-24-hour-clock/,418,2,65
/concepts/what-is-the-asteroid-belt/,348,0,51
/concepts/what-is-the-equation-of-time/,316,0,50
/concepts/what-is-the-international-date-line/,309,1,67
/concepts/what-is-the-subsolar-point/,383,0,56
/concepts/what-is-the-terminator/,473,0,51
/concepts/what-is-the-tropic-of-cancer/,692,2,74
/concepts/what-is-the-tropic-of-capricorn/,553,2,71
/concepts/what-is-tidal-locking/,558,2,86
/concepts/what-is-twilight/,344,0,48
/concepts/what-is-utc/,292,0,47
/concepts/who-invented-time/,1246,8,128
/concepts/why-are-the-planets-drawn-so-close/,384,1,62
/concepts/why-arent-the-inner-planets-gas-giants/,452,1,64
/concepts/why-can-the-moon-be-up-in-the-daytime/,447,0,54
/concepts/why-didnt-the-asteroid-belt-become-a-planet/,409,0,54
/concepts/why-do-asteroids-collide/,356,0,53
/concepts/why-do-other-planets-have-seasons/,432,2,67
/concepts/why-do-planets-have-moons/,414,1,64
/concepts/why-do-we-have-seasons/,664,4,73
/concepts/why-does-jupiter-have-so-many-moons/,455,2,73
/concepts/why-does-moonrise-get-later/,500,2,81
/concepts/why-does-pluto-have-so-many-moons/,375,0,60
/concepts/why-does-saturn-have-so-many-moons/,568,4,82
/concepts/why-does-the-moon-change-shape/,550,1,62
/concepts/why-does-triton-orbit-backwards/,340,0,60
/concepts/why-doesnt-earth-have-a-ring/,458,3,69
/concepts/why-dont-planets-fall-into-the-sun/,391,0,58
/concepts/why-is-mars-red/,362,1,64
/concepts/why-is-pluto-a-dwarf-planet/,388,1,61
/concepts/why-is-the-night-sky-dark/,250,0,54
/concepts/why-is-this-map-flat/,351,0,51
/concepts/why-isnt-there-an-eclipse-every-month/,435,0,56
/countdown/,142,0,38
/countries/,110,0,38
/countries/australia/,223,0,38
/countries/canada/,220,0,38
/countries/france/,237,0,38
/countries/india/,233,0,38
/countries/japan/,244,0,38
/countries/mexico/,232,0,38
/countries/united-kingdom/,238,0,38
/countries/united-states/,238,0,38
/day-night-map/,346,0,60
/earth-and-moon-simulator/,1035,3,107
/earth-sun-moon-orbit-simulator/,1745,15,145
/earth-tilt-sun-seasons/,952,1,62
/earth/,460,0,46
/glossary/,1126,0,43
/graduation-countdowns/,115,0,38
/graduation-countdowns/alabama/,578,4,87
/graduation-countdowns/arizona-state/,591,4,86
/graduation-countdowns/auburn/,587,4,85
/graduation-countdowns/berkeley/,597,4,86
/graduation-countdowns/chico-state/,612,4,95
/graduation-countdowns/clemson/,627,4,87
/graduation-countdowns/florida/,475,2,80
/graduation-countdowns/georgia/,595,4,91
/graduation-countdowns/harvard/,323,0,44
/graduation-countdowns/high-school/,492,3,81
/graduation-countdowns/michigan/,327,0,43
/graduation-countdowns/mit/,325,0,44
/graduation-countdowns/north-carolina/,584,4,82
/graduation-countdowns/nyu/,515,2,89
/graduation-countdowns/ohio-state/,592,4,89
/graduation-countdowns/oregon/,559,4,81
/graduation-countdowns/penn-state/,355,0,45
/graduation-countdowns/popular/,143,0,48
/graduation-countdowns/purdue/,603,4,89
/graduation-countdowns/stanford/,319,0,43
/graduation-countdowns/tennessee/,615,4,89
/graduation-countdowns/texas-am/,612,4,94
/graduation-countdowns/ucla/,342,0,38
/graduation-countdowns/usc/,338,0,38
/graduation-countdowns/ut-austin/,325,0,44
/graduation-countdowns/virginia-tech/,580,4,87
/graduation-countdowns/washington/,562,4,79
/graduation-countdowns/wisconsin/,599,4,89
/holiday-countdowns/,111,0,38
/holiday-countdowns/christmas/,378,0,46
/holiday-countdowns/cinco-de-mayo/,467,2,84
/holiday-countdowns/columbus-day/,351,0,43
/holiday-countdowns/diwali/,465,2,81
/holiday-countdowns/dst-begins/,344,0,49
/holiday-countdowns/dst-ends/,346,0,52
/holiday-countdowns/easter/,322,0,43
/holiday-countdowns/fall-equinox/,322,0,39
/holiday-countdowns/fathers-day/,332,0,60
/holiday-countdowns/halloween/,323,0,49
/holiday-countdowns/hanukkah/,301,0,42
/holiday-countdowns/july-4th/,350,0,45
/holiday-countdowns/juneteenth/,367,0,55
/holiday-countdowns/labor-day/,357,0,50
/holiday-countdowns/lunar-new-year/,503,2,94
/holiday-countdowns/macys-parade/,474,2,77
/holiday-countdowns/memorial-day/,381,0,54
/holiday-countdowns/mlk-day/,386,0,56
/holiday-countdowns/mothers-day/,340,0,60
/holiday-countdowns/new-year/,362,0,46
/holiday-countdowns/popular/,143,0,48
/holiday-countdowns/presidents-day/,353,0,48
/holiday-countdowns/rose-parade/,457,2,75
/holiday-countdowns/spring-equinox/,321,0,41
/holiday-countdowns/st-patricks-day/,326,0,42
/holiday-countdowns/star-wars-day/,315,0,40
/holiday-countdowns/summer-solstice/,319,0,46
/holiday-countdowns/tax-day/,346,0,54
/holiday-countdowns/thanksgiving/,351,0,44
/holiday-countdowns/valentines-day/,313,0,43
/holiday-countdowns/veterans-day/,370,0,53
/holiday-countdowns/white-day/,338,0,46
/holiday-countdowns/winter-solstice/,319,0,44
/how-it-works/,372,0,49
/jupiter-and-moons-simulator/,1760,9,105
/mars-and-moons-simulator/,1732,8,101
/mercury-simulator/,1057,6,111
/methodology/,404,2,62
/methodology/browser-timing/,812,3,95
/methodology/moon-phase/,708,3,96
/methodology/sunrise-sunset/,841,3,198
/methodology/tide-predictions/,793,5,91
/methodology/time-zones/,627,3,80
/moon-simulator/,242,0,44
/moon/,725,2,63
/moon/2025/,214,0,52
/moon/2026/,225,0,52
/moon/2027/,209,0,52
/moon/2028/,228,0,52
/moon/2029/,214,0,52
/moon/abilene-tx/,729,3,95
/moon/addison-il/,729,3,95
/moon/adelaide/,707,3,95
/moon/akron-oh/,729,3,95
/moon/alameda-ca/,741,3,95
/moon/albany-ga/,729,3,95
/moon/albany-ny/,730,3,95
/moon/albany-or/,735,3,95
/moon/albuquerque-nm/,736,3,95
/moon/alexandria-la/,729,3,95
/moon/alexandria-va/,735,3,95
/moon/alhambra-ca/,742,3,95
/moon/aliso-viejo-ca/,754,3,96
/moon/allen-tx/,729,3,95
/moon/allentown-pa/,729,3,95
/moon/alpharetta-ga/,729,3,95
/moon/altamonte-springs-fl/,740,3,96
/moon/altoona-pa/,729,3,95
/moon/amarillo-tx/,735,3,95
/moon/ames-ia/,729,3,95
/moon/amsterdam/,735,3,103
/moon/anaheim-ca/,743,3,95
/moon/anchorage/,741,3,95
/moon/anderson-in/,729,3,95
/moon/ankeny-ia/,729,3,95
/moon/ann-arbor-mi/,740,3,96
/moon/annapolis-md/,735,3,95
/moon/antioch-ca/,741,3,95
/moon/apache-junction-az/,746,3,96
/moon/apex-nc/,730,3,95
/moon/apia/,740,3,103
/moon/apopka-fl/,729,3,95
/moon/apple-valley-ca/,746,3,96
/moon/apple-valley-mn/,746,3,96
/moon/appleton-wi/,729,3,95
/moon/arcadia-ca/,742,3,95
/moon/arlington-heights-il/,740,3,96
/moon/arlington-tx/,729,3,95
/moon/arvada-co/,735,3,95
/moon/asheville-nc/,730,3,95
/moon/athens-clarke-county-ga/,740,3,96
/moon/athens/,727,3,95
/moon/atlanta/,729,3,95
/moon/atlantic-city-nj/,748,3,96
/moon/attleboro-ma/,735,3,95
/moon/auburn-al/,729,3,95
/moon/auburn-wa/,741,3,95
/moon/auckland/,715,3,95
/moon/augusta-richmond-county-ga/,740,3,96
/moon/aurora-co/,735,3,95
/moon/aurora-il/,729,3,95
/moon/austin/,729,3,95
/moon/aventura-fl/,736,3,95
/moon/avondale-az/,735,3,95
/moon/azores/,726,3,95
/moon/azusa-ca/,742,3,95
/moon/baghdad/,726,3,95
/moon/bakersfield-ca/,735,3,95
/moon/baldwin-park-ca/,753,3,96
/moon/bali/,732,3,95
/moon/baltimore-md/,735,3,95
/moon/bangkok/,731,3,95
/moon/bar-harbor/,747,3,96
/moon/barcelona/,735,3,103
/moon/barnstable-town-ma/,747,3,96
/moon/bartlett-il/,729,3,95
/moon/bartlett-tn/,729,3,95
/moon/baton-rouge-la/,740,3,96
/moon/battle-creek-mi/,740,3,96
/moon/bayonne-nj/,740,3,95
/moon/baytown-tx/,737,3,95
/moon/beaumont-ca/,735,3,95
/moon/beaumont-tx/,737,3,95
/moon/beavercreek-oh/,729,3,95
/moon/beaverton-or/,735,3,95
/moon/bedford-tx/,729,3,95
/moon/beijing/,732,3,95
/moon/bell-gardens-ca/,753,3,96
/moon/belleville-il/,729,3,95
/moon/bellevue-ne/,735,3,95
/moon/bellevue-wa/,741,3,95
/moon/bellflower-ca/,742,3,95
/moon/bellingham-wa/,742,3,95
/moon/beloit-wi/,729,3,95
/moon/bend-or/,735,3,95
/moon/bentonville-ar/,729,3,95
/moon/berkeley-ca/,741,3,95
/moon/berlin/,735,3,103
/moon/berwyn-il/,729,3,95
/moon/bethlehem-pa/,729,3,95
/moon/beverly-ma/,735,3,95
/moon/billings-mt/,735,3,95
/moon/biloxi-ms/,738,3,95
/moon/binghamton-ny/,730,3,95
/moon/birmingham-al/,729,3,95
/moon/bismarck-nd/,736,3,95
/moon/blacksburg-va/,729,3,95
/moon/blaine-mn/,735,3,95
/moon/bloomington-il/,729,3,95
/moon/bloomington-in/,729,3,95
/moon/bloomington-mn/,735,3,95
/moon/blue-moons/,648,0,60
/moon/blue-springs-mo/,740,3,96
/moon/boca-raton-fl/,748,3,96
/moon/bogota/,726,3,95
/moon/boise-id/,735,3,95
/moon/bolingbrook-il/,729,3,95
/moon/bonita-springs-fl/,746,3,96
/moon/bossier-city-la/,740,3,96
/moon/boston/,735,3,95
/moon/boulder-co/,735,3,95
/moon/bountiful-ut/,735,3,95
/moon/bowie-md/,735,3,95
/moon/bowling-green-ky/,740,3,96
/moon/boynton-beach-fl/,748,3,96
/moon/bozeman-mt/,735,3,95
/moon/bradenton-fl/,736,3,95
/moon/brea-ca/,743,3,95
/moon/bremerton-wa/,741,3,95
/moon/brentwood-ca/,741,3,95
/moon/brentwood-tn/,729,3,95
/moon/bridgeport-ct/,735,3,95
/moon/brisbane/,733,3,95
/moon/bristol-ct/,736,3,95
/moon/brockton-ma/,735,3,95
/moon/broken-arrow-ok/,740,3,96
/moon/brookfield-wi/,729,3,95
/moon/brookhaven-ga/,729,3,95
/moon/brooklyn-park-mn/,746,3,96
/moon/broomfield-co/,735,3,95
/moon/brownsville-tx/,736,3,95
/moon/brussels/,735,3,103
/moon/bryan-tx/,729,3,95
/moon/buckeye-az/,735,3,95
/moon/buena-park-ca/,753,3,96
/moon/buenos-aires/,711,3,96
/moon/buffalo-grove-il/,740,3,96
/moon/buffalo-ny/,730,3,95
/moon/bullhead-city-az/,746,3,96
/moon/burbank-ca/,742,3,95
/moon/burien-wa/,741,3,95
/moon/burleson-tx/,729,3,95
/moon/burlington-nc/,730,3,95
/moon/burlington-vt/,729,3,95
/moon/burnsville-mn/,735,3,95
/moon/cabo-san-lucas/,755,3,97
/moon/cairo/,727,3,95
/moon/caldwell-id/,735,3,95
/moon/calendar/,287,0,48
/moon/calendar/april-2025/,308,0,51
/moon/calendar/april-2026/,308,0,51
/moon/calendar/april-2027/,308,0,51
/moon/calendar/april-2028/,308,0,51
/moon/calendar/april-2029/,308,0,51
/moon/calendar/august-2025/,308,0,51
/moon/calendar/august-2026/,308,0,51
/moon/calendar/august-2027/,308,0,51
/moon/calendar/august-2028/,308,0,51
/moon/calendar/august-2029/,308,0,51
/moon/calendar/december-2025/,308,0,51
/moon/calendar/december-2026/,308,0,51
/moon/calendar/december-2027/,308,0,51
/moon/calendar/december-2028/,308,0,51
/moon/calendar/december-2029/,308,0,51
/moon/calendar/february-2025/,308,0,51
/moon/calendar/february-2026/,308,0,51
/moon/calendar/february-2027/,308,0,51
/moon/calendar/february-2028/,308,0,51
/moon/calendar/february-2029/,308,0,51
/moon/calendar/january-2025/,308,0,51
/moon/calendar/january-2026/,308,0,51
/moon/calendar/january-2027/,308,0,51
/moon/calendar/january-2028/,308,0,51
/moon/calendar/january-2029/,308,0,51
/moon/calendar/july-2025/,308,0,51
/moon/calendar/july-2026/,308,0,51
/moon/calendar/july-2027/,308,0,51
/moon/calendar/july-2028/,308,0,51
/moon/calendar/july-2029/,308,0,51
/moon/calendar/june-2025/,308,0,51
/moon/calendar/june-2026/,308,0,51
/moon/calendar/june-2027/,308,0,51
/moon/calendar/june-2028/,308,0,51
/moon/calendar/june-2029/,308,0,51
/moon/calendar/march-2025/,308,0,51
/moon/calendar/march-2026/,308,0,51
/moon/calendar/march-2027/,308,0,51
/moon/calendar/march-2028/,308,0,51
/moon/calendar/march-2029/,308,0,51
/moon/calendar/may-2025/,308,0,51
/moon/calendar/may-2026/,308,0,51
/moon/calendar/may-2027/,308,0,51
/moon/calendar/may-2028/,308,0,51
/moon/calendar/may-2029/,308,0,51
/moon/calendar/november-2025/,308,0,51
/moon/calendar/november-2026/,308,0,51
/moon/calendar/november-2027/,308,0,51
/moon/calendar/november-2028/,308,0,51
/moon/calendar/november-2029/,308,0,51
/moon/calendar/october-2025/,308,0,51
/moon/calendar/october-2026/,308,0,51
/moon/calendar/october-2027/,308,0,51
/moon/calendar/october-2028/,308,0,51
/moon/calendar/october-2029/,308,0,51
/moon/calendar/september-2025/,308,0,51
/moon/calendar/september-2026/,308,0,51
/moon/calendar/september-2027/,308,0,51
/moon/calendar/september-2028/,308,0,51
/moon/calendar/september-2029/,308,0,51
/moon/calexico-ca/,735,3,95
/moon/calgary/,732,3,95
/moon/calumet-city-il/,740,3,96
/moon/camarillo-ca/,742,3,95
/moon/cambridge-ma/,735,3,95
/moon/camden-nj/,739,3,95
/moon/campbell-ca/,735,3,95
/moon/cancun/,726,3,95
/moon/cannon-beach/,752,3,96
/moon/canton-oh/,729,3,95
/moon/cape-coral-fl/,747,3,96
/moon/cape-girardeau-mo/,740,3,96
/moon/cape-town/,720,3,96
/moon/caracas/,725,3,95
/moon/carlsbad-ca/,744,3,95
/moon/carmel-in/,729,3,95
/moon/carol-stream-il/,740,3,96
/moon/carpentersville-il/,729,3,95
/moon/carrollton-tx/,729,3,95
/moon/carson-ca/,742,3,95
/moon/carson-city-nv/,746,3,96
/moon/cary-nc/,730,3,95
/moon/casa-grande-az/,746,3,96
/moon/casablanca/,725,3,95
/moon/casper-wy/,735,3,95
/moon/castle-rock-co/,746,3,96
/moon/cathedral-city-ca/,746,3,96
/moon/cedar-falls-ia/,740,3,96
/moon/cedar-hill-tx/,740,3,96
/moon/cedar-park-tx/,740,3,96
/moon/cedar-rapids-ia/,740,3,96
/moon/centennial-co/,735,3,95
/moon/ceres-ca/,735,3,95
/moon/cerritos-ca/,742,3,95
/moon/champaign-il/,729,3,95
/moon/chandler-az/,735,3,95
/moon/chapel-hill-nc/,741,3,96
/moon/charleston-sc/,736,3,95
/moon/charleston-wv/,730,3,95
/moon/charlotte-nc/,730,3,95
/moon/charlottesville-va/,729,3,95
/moon/chattanooga-tn/,729,3,95
/moon/chelsea-ma/,735,3,95
/moon/chesapeake-va/,736,3,95
/moon/chesterfield-mo/,729,3,95
/moon/cheyenne-wy/,735,3,95
/moon/chicago/,729,3,95
/moon/chico-ca/,735,3,95
/moon/chicopee-ma/,729,3,95
/moon/chino-ca/,743,3,95
/moon/chino-hills-ca/,754,3,96
/moon/chula-vista-ca/,756,3,96
/moon/cicero-il/,729,3,95
/moon/cincinnati-oh/,729,3,95
/moon/citrus-heights-ca/,746,3,96
/moon/clarksville-tn/,729,3,95
/moon/clearwater-fl/,736,3,95
/moon/cleveland-heights-oh/,740,3,96
/moon/cleveland-oh/,729,3,95
/moon/cleveland-tn/,729,3,95
/moon/clifton-nj/,740,3,95
/moon/clovis-ca/,735,3,95
/moon/clovis-nm/,736,3,95
/moon/coachella-ca/,735,3,95
/moon/coconut-creek-fl/,748,3,96
/moon/coeur-d-alene-id/,746,3,96
/moon/college-station-tx/,740,3,96
/moon/collierville-tn/,729,3,95
/moon/colorado-springs-co/,746,3,96
/moon/colton-ca/,735,3,95
/moon/columbia-mo/,729,3,95
/moon/columbia-sc/,730,3,95
/moon/columbus-ga/,729,3,95
/moon/columbus-in/,729,3,95
/moon/columbus-oh/,729,3,95
/moon/commerce-city-co/,746,3,96
/moon/compton-ca/,742,3,95
/moon/concord-ca/,741,3,95
/moon/concord-nc/,730,3,95
/moon/concord-nh/,730,3,95
/moon/conroe-tx/,729,3,95
/moon/conway-ar/,729,3,95
/moon/coon-rapids-mn/,746,3,96
/moon/copenhagen/,735,3,103
/moon/coppell-tx/,729,3,95
/moon/coral-gables-fl/,747,3,96
/moon/coral-springs-fl/,748,3,96
/moon/corona-ca/,743,3,95
/moon/corpus-christi-tx/,746,3,96
/moon/corvallis-or/,735,3,95
/moon/costa-mesa-ca/,754,3,96
/moon/council-bluffs-ia/,746,3,96
/moon/covina-ca/,742,3,95
/moon/covington-ky/,729,3,95
/moon/cranston-ri/,736,3,95
/moon/crystal-lake-il/,740,3,96
/moon/culver-city-ca/,753,3,96
/moon/cupertino-ca/,741,3,95
/moon/cutler-bay-fl/,747,3,96
/moon/cuyahoga-falls-oh/,740,3,96
/moon/cypress-ca/,742,3,95
/moon/dallas/,729,3,95
/moon/daly-city-ca/,753,3,96
/moon/danbury-ct/,735,3,95
/moon/danville-ca/,741,3,95
/moon/danville-va/,729,3,95
/moon/davenport-ia/,729,3,95
/moon/davie-fl/,736,3,95
/moon/davis-ca/,735,3,95
/moon/dayton-oh/,729,3,95
/moon/daytona-beach-fl/,740,3,96
/moon/dearborn-heights-mi/,740,3,96
/moon/dearborn-mi/,729,3,95
/moon/decatur-al/,729,3,95
/moon/decatur-il/,729,3,95
/moon/deerfield-beach-fl/,748,3,96
/moon/dekalb-il/,729,3,95
/moon/delano-ca/,735,3,95
/moon/delhi/,732,3,95
/moon/delray-beach-fl/,748,3,96
/moon/deltona-fl/,729,3,95
/moon/denton-tx/,729,3,95
/moon/denver/,735,3,95
/moon/des-moines-ia/,740,3,96
/moon/des-plaines-il/,740,3,96
/moon/desoto-tx/,729,3,95
/moon/detroit/,729,3,95
/moon/dhaka/,732,3,95
/moon/diamond-bar-ca/,754,3,96
/moon/doral-fl/,736,3,95
/moon/dothan-al/,729,3,95
/moon/dover-de/,735,3,95
/moon/downers-grove-il/,740,3,96
/moon/downey-ca/,742,3,95
/moon/draper-ut/,735,3,95
/moon/dubai/,732,3,95
/moon/dublin-ca/,741,3,95
/moon/dublin-oh/,729,3,95
/moon/dublin/,726,3,95
/moon/dubrovnik/,735,3,103
/moon/dubuque-ia/,729,3,95
/moon/duluth-mn/,735,3,95
/moon/duncanville-tx/,729,3,95
/moon/dunwoody-ga/,729,3,95
/moon/durham-nc/,730,3,95
/moon/eagan-mn/,735,3,95
/moon/east-lansing-mi/,740,3,96
/moon/east-orange-nj/,751,3,96
/moon/east-providence-ri/,747,3,96
/moon/eastvale-ca/,743,3,95
/moon/eau-claire-wi/,746,3,96
/moon/eclipses/,656,3,76
/moon/eclipses/2025-03-14-total-lunar-eclipse/,372,1,74
/moon/eclipses/2025-09-07-total-lunar-eclipse/,377,1,75
/moon/eclipses/2026-03-03-total-lunar-eclipse/,370,1,70
/moon/eclipses/2026-08-28-partial-lunar-eclipse/,358,1,69
/moon/eclipses/2027-02-20-penumbral-lunar-eclipse/,378,1,74
/moon/eclipses/2027-08-17-penumbral-lunar-eclipse/,378,1,74
/moon/eclipses/2028-01-12-partial-lunar-eclipse/,354,1,69
/moon/eclipses/2028-07-06-partial-lunar-eclipse/,362,1,75
/moon/eclipses/2028-12-31-total-lunar-eclipse/,373,1,73
/moon/eclipses/2029-06-26-total-lunar-eclipse/,373,1,73
/moon/eclipses/2029-12-20-total-lunar-eclipse/,368,1,74
/moon/eden-prairie-mn/,746,3,96
/moon/edina-mn/,735,3,95
/moon/edinburg-tx/,729,3,95
/moon/edinburgh/,726,3,95
/moon/edmond-ok/,729,3,95
/moon/edmonds-wa/,741,3,95
/moon/el-cajon-ca/,756,3,96
/moon/el-centro-ca/,746,3,96
/moon/el-monte-ca/,753,3,96
/moon/el-paso-tx/,746,3,96
/moon/elgin-il/,729,3,95
/moon/elizabeth-nj/,740,3,95
/moon/elk-grove-ca/,746,3,96
/moon/elkhart-in/,729,3,95
/moon/elmhurst-il/,729,3,95
/moon/elyria-oh/,729,3,95
/moon/encinitas-ca/,744,3,95
/moon/enid-ok/,729,3,95
/moon/erie-pa/,729,3,95
/moon/escondido-ca/,744,3,95
/moon/euclid-oh/,729,3,95
/moon/eugene-or/,735,3,95
/moon/euless-tx/,729,3,95
/moon/evanston-il/,729,3,95
/moon/evansville-in/,729,3,95
/moon/everett-ma/,735,3,95
/moon/everett-wa/,741,3,95
/moon/fairfield-ca/,735,3,95
/moon/fairfield-oh/,729,3,95
/moon/fall-river-ma/,746,3,96
/moon/fargo-nd/,736,3,95
/moon/farmington-hills-mi/,740,3,96
/moon/farmington-nm/,736,3,95
/moon/fayetteville-ar/,729,3,95
/moon/fayetteville-nc/,730,3,95
/moon/federal-way-wa/,752,3,96
/moon/findlay-oh/,729,3,95
/moon/fishers-in/,729,3,95
/moon/fitchburg-ma/,729,3,95
/moon/flagstaff-az/,735,3,95
/moon/flint-mi/,729,3,95
/moon/florence-al/,729,3,95
/moon/florence-sc/,730,3,95
/moon/florissant-mo/,729,3,95
/moon/flower-mound-tx/,740,3,96
/moon/folsom-ca/,735,3,95
/moon/fond-du-lac-wi/,751,3,97
/moon/fontana-ca/,735,3,95
/moon/fort-collins-co/,746,3,96
/moon/fort-lauderdale-fl/,747,3,96
/moon/fort-myers-fl/,747,3,96
/moon/fort-pierce-fl/,740,3,96
/moon/fort-smith-ar/,740,3,96
/moon/fort-wayne-in/,740,3,96
/moon/fort-worth-tx/,740,3,96
/moon/fountain-valley-ca/,754,3,96
/moon/frankfurt/,735,3,103
/moon/franklin-tn/,729,3,95
/moon/frederick-md/,729,3,95
/moon/freeport-ny/,737,3,95
/moon/fremont-ca/,741,3,95
/moon/fresno-ca/,735,3,95
/moon/friendswood-tx/,737,3,95
/moon/frisco-tx/,729,3,95
/moon/full-moon-calendar/,598,3,70
/moon/fullerton-ca/,743,3,95
/moon/gainesville-fl/,729,3,95
/moon/gaithersburg-md/,735,3,95
/moon/galveston-tx/,737,3,95
/moon/garden-grove-ca/,754,3,96
/moon/gardena-ca/,742,3,95
/moon/garland-tx/,729,3,95
/moon/gary-in/,729,3,95
/moon/gastonia-nc/,730,3,95
/moon/geneva/,735,3,103
/moon/georgetown-tx/,729,3,95
/moon/germantown-tn/,729,3,95
/moon/gilbert-az/,735,3,95
/moon/gilroy-ca/,741,3,95
/moon/glendale-az/,735,3,95
/moon/glendale-ca/,742,3,95
/moon/glendora-ca/,735,3,95
/moon/glenview-il/,729,3,95
/moon/goodyear-az/,735,3,95
/moon/goose-creek-sc/,747,3,96
/moon/grand-forks-nd/,747,3,96
/moon/grand-island-ne/,746,3,96
/moon/grand-junction-co/,746,3,96
/moon/grand-prairie-tx/,740,3,96
/moon/grand-rapids-mi/,740,3,96
/moon/grapevine-tx/,729,3,95
/moon/great-falls-mt/,746,3,96
/moon/greeley-co/,735,3,95
/moon/green-bay-wi/,740,3,96
/moon/greenacres-fl/,737,3,95
/moon/greenfield-wi/,729,3,95
/moon/greensboro-nc/,730,3,95
/moon/greenville-nc/,730,3,95
/moon/greenville-sc/,730,3,95
/moon/greenwood-in/,729,3,95
/moon/gresham-or/,735,3,95
/moon/grove-city-oh/,740,3,96
/moon/gulfport-ms/,738,3,95
/moon/hackensack-nj/,740,3,95
/moon/hagerstown-md/,729,3,95
/moon/halifax/,726,3,95
/moon/hallandale-beach-fl/,747,3,96
/moon/haltom-city-tx/,740,3,96
/moon/hamilton-oh/,729,3,95
/moon/hammond-in/,729,3,95
/moon/hampton-va/,736,3,95
/moon/hanford-ca/,735,3,95
/moon/hanoi/,731,3,95
/moon/hanover-park-il/,740,3,96
/moon/harlingen-tx/,736,3,95
/moon/harrisburg-pa/,729,3,95
/moon/harrisonburg-va/,729,3,95
/moon/hartford-ct/,729,3,95
/moon/hattiesburg-ms/,729,3,95
/moon/havana/,726,3,95
/moon/haverhill-ma/,736,3,95
/moon/hawthorne-ca/,742,3,95
/moon/hayward-ca/,741,3,95
/moon/helsinki/,741,3,103
/moon/hemet-ca/,735,3,95
/moon/hempstead-ny/,737,3,95
/moon/henderson-nv/,735,3,95
/moon/hendersonville-tn/,729,3,95
/moon/hesperia-ca/,735,3,95
/moon/hialeah-fl/,736,3,95
/moon/hickory-nc/,730,3,95
/moon/high-point-nc/,741,3,96
/moon/highland-ca/,735,3,95
/moon/hillsboro-or/,735,3,95
/moon/hilton-head-island-sc/,759,3,97
/moon/ho-chi-minh-city/,764,3,98
/moon/hoboken-nj/,740,3,95
/moon/hoffman-estates-il/,740,3,96
/moon/hollywood-fl/,736,3,95
/moon/holyoke-ma/,729,3,95
/moon/homestead-fl/,736,3,95
/moon/hong-kong/,744,3,96
/moon/honolulu/,741,3,95
/moon/hoover-al/,729,3,95
/moon/houston/,729,3,95
/moon/huber-heights-oh/,740,3,96
/moon/huntersville-nc/,730,3,95
/moon/huntington-beach-ca/,754,3,96
/moon/huntington-park-ca/,753,3,96
/moon/huntington-wv/,730,3,95
/moon/huntsville-al/,729,3,95
/moon/huntsville-tx/,729,3,95
/moon/hurst-tx/,729,3,95
/moon/hutchinson-ks/,735,3,95
/moon/ibiza/,735,3,103
/moon/idaho-falls-id/,746,3,96
/moon/independence-mo/,729,3,95
/moon/indianapolis-in/,729,3,95
/moon/indio-ca/,735,3,95
/moon/inglewood-ca/,742,3,95
/moon/iowa-city-ia/,740,3,96
/moon/irvine-ca/,743,3,95
/moon/irving-tx/,729,3,95
/moon/istanbul/,726,3,95
/moon/jackson-ms/,729,3,95
/moon/jackson-tn/,729,3,95
/moon/jacksonville-fl/,738,3,95
/moon/jacksonville-nc/,730,3,95
/moon/jakarta/,732,3,95
/moon/janesville-wi/,729,3,95
/moon/jefferson-city-mo/,740,3,96
/moon/jeffersonville-in/,729,3,95
/moon/jersey-city-nj/,751,3,96
/moon/jerusalem/,726,3,95
/moon/johannesburg/,735,3,95
/moon/johns-creek-ga/,740,3,96
/moon/johnson-city-tn/,740,3,96
/moon/joliet-il/,729,3,95
/moon/jonesboro-ar/,729,3,95
/moon/joplin-mo/,729,3,95
/moon/jupiter-fl/,737,3,95
/moon/jurupa-valley-ca/,746,3,96
/moon/kabul/,731,3,95
/moon/kalamazoo-mi/,729,3,95
/moon/kannapolis-nc/,730,3,95
/moon/kansas-city-ks/,740,3,96
/moon/kansas-city-mo/,740,3,96
/moon/karachi/,732,3,95
/moon/kathmandu/,731,3,95
/moon/kearny-nj/,740,3,95
/moon/keizer-or/,735,3,95
/moon/keller-tx/,729,3,95
/moon/kenner-la/,739,3,95
/moon/kennewick-wa/,735,3,95
/moon/kenosha-wi/,729,3,95
/moon/kent-wa/,741,3,95
/moon/kentwood-mi/,729,3,95
/moon/kettering-oh/,729,3,95
/moon/key-west/,747,3,96
/moon/killeen-tx/,729,3,95
/moon/kingsport-tn/,729,3,95
/moon/kirkland-wa/,741,3,95
/moon/kissimmee-fl/,729,3,95
/moon/knoxville-tn/,729,3,95
/moon/kokomo-in/,729,3,95
/moon/kuala-lumpur/,716,3,96
/moon/kyiv/,727,3,95
/moon/la-crosse-wi/,740,3,96
/moon/la-habra-ca/,754,3,96
/moon/la-mesa-ca/,756,3,96
/moon/la-mirada-ca/,753,3,96
/moon/la-puente-ca/,753,3,96
/moon/la-quinta-ca/,746,3,96
/moon/lacey-wa/,741,3,95
/moon/lafayette-in/,729,3,95
/moon/lafayette-la/,729,3,95
/moon/lagos/,734,3,103
/moon/laguna-niguel-ca/,754,3,96
/moon/lake-charles-la/,740,3,96
/moon/lake-elsinore-ca/,754,3,96
/moon/lake-forest-ca/,754,3,96
/moon/lake-havasu-city-az/,757,3,97
/moon/lake-oswego-or/,746,3,96
/moon/lakeland-fl/,729,3,95
/moon/lakeville-mn/,735,3,95
/moon/lakewood-ca/,742,3,95
/moon/lakewood-co/,735,3,95
/moon/lakewood-oh/,729,3,95
/moon/lakewood-wa/,741,3,95
/moon/lancaster-ca/,735,3,95
/moon/lancaster-oh/,729,3,95
/moon/lancaster-pa/,729,3,95
/moon/lancaster-tx/,729,3,95
/moon/lansing-mi/,729,3,95
/moon/laredo-tx/,729,3,95
/moon/largo-fl/,736,3,95
/moon/las-cruces-nm/,747,3,96
/moon/las-vegas/,746,3,96
/moon/lauderhill-fl/,736,3,95
/moon/lawrence-in/,729,3,95
/moon/lawrence-ks/,729,3,95
/moon/lawrence-ma/,735,3,95
/moon/lawton-ok/,729,3,95
/moon/layton-ut/,735,3,95
/moon/league-city-tx/,748,3,96
/moon/lee-s-summit-mo/,740,3,96
/moon/leesburg-va/,735,3,95
/moon/lehi-ut/,735,3,95
/moon/lenexa-ks/,729,3,95
/moon/leominster-ma/,729,3,95
/moon/lewisville-tx/,729,3,95
/moon/lexington-fayette-ky/,729,3,95
/moon/lima-oh/,729,3,95
/moon/lima/,726,3,95
/moon/lincoln-ca/,735,3,95
/moon/lincoln-ne/,735,3,95
/moon/lincoln-park-mi/,740,3,96
/moon/linden-nj/,740,3,95
/moon/lisbon/,727,3,95
/moon/little-rock-ar/,740,3,96
/moon/littleton-co/,735,3,95
/moon/livermore-ca/,741,3,95
/moon/livonia-mi/,729,3,95
/moon/lodi-ca/,735,3,95
/moon/logan-ut/,735,3,95
/moon/lombard-il/,729,3,95
/moon/lompoc-ca/,735,3,95
/moon/london/,734,3,103
/moon/long-beach-ca/,753,3,96
/moon/longmont-co/,735,3,95
/moon/longview-tx/,729,3,95
/moon/lorain-oh/,729,3,95
/moon/los-angeles/,753,3,96
/moon/louisville-ky/,729,3,95
/moon/loveland-co/,735,3,95
/moon/lowell-ma/,735,3,95
/moon/lubbock-tx/,735,3,95
/moon/lynchburg-va/,729,3,95
/moon/lynn-ma/,735,3,95
/moon/lynwood-ca/,742,3,95
/moon/macon-ga/,729,3,95
/moon/madera-ca/,735,3,95
/moon/madison-al/,729,3,95
/moon/madison-wi/,729,3,95
/moon/madrid/,735,3,103
/moon/malden-ma/,735,3,95
/moon/male/,731,3,95
/moon/malibu/,742,3,95
/moon/manassas-va/,735,3,95
/moon/manchester-nh/,730,3,95
/moon/manhattan-ks/,735,3,95
/moon/manila/,732,3,95
/moon/mankato-mn/,735,3,95
/moon/mansfield-oh/,729,3,95
/moon/mansfield-tx/,729,3,95
/moon/manteca-ca/,735,3,95
/moon/maple-grove-mn/,746,3,96
/moon/maplewood-mn/,735,3,95
/moon/marana-az/,735,3,95
/moon/margate-fl/,737,3,95
/moon/maricopa-az/,735,3,95
/moon/marietta-ga/,729,3,95
/moon/marlborough-ma/,735,3,95
/moon/marrakech/,725,3,95
/moon/martinez-ca/,741,3,95
/moon/marysville-wa/,742,3,95
/moon/mcallen-tx/,729,3,95
/moon/mckinney-tx/,729,3,95
/moon/medford-ma/,735,3,95
/moon/medford-or/,735,3,95
/moon/melbourne-fl/,738,3,95
/moon/melbourne/,707,3,95
/moon/memphis-tn/,729,3,95
/moon/menifee-ca/,735,3,95
/moon/mentor-oh/,729,3,95
/moon/merced-ca/,735,3,95
/moon/meriden-ct/,736,3,95
/moon/meridian-id/,735,3,95
/moon/meridian-ms/,729,3,95
/moon/mesa-az/,735,3,95
/moon/mesquite-tx/,729,3,95
/moon/methuen-ma/,735,3,95
/moon/mexico-city/,737,3,96
/moon/miami-beach-fl/,747,3,96
/moon/miami-gardens-fl/,747,3,96
/moon/miami/,736,3,95
/moon/middletown-ct/,736,3,95
/moon/middletown-oh/,729,3,95
/moon/midland-mi/,729,3,95
/moon/midland-tx/,735,3,95
/moon/midwest-city-ok/,740,3,96
/moon/milan/,735,3,103
/moon/milford-ct/,735,3,95
/moon/milpitas-ca/,741,3,95
/moon/milwaukee-wi/,729,3,95
/moon/minneapolis/,735,3,95
/moon/minnetonka-mn/,735,3,95
/moon/minot-nd/,736,3,95
/moon/miramar-fl/,736,3,95
/moon/mishawaka-in/,729,3,95
/moon/mission-tx/,729,3,95
/moon/mission-viejo-ca/,754,3,96
/moon/missoula-mt/,735,3,95
/moon/missouri-city-tx/,740,3,96
/moon/mobile-al/,737,3,95
/moon/modesto-ca/,735,3,95
/moon/moline-il/,729,3,95
/moon/monroe-la/,729,3,95
/moon/monrovia-ca/,742,3,95
/moon/montclair-ca/,743,3,95
/moon/montebello-ca/,742,3,95
/moon/monterey-park-ca/,753,3,96
/moon/montgomery-al/,729,3,95
/moon/montreal/,726,3,95
/moon/moore-ok/,729,3,95
/moon/moorhead-mn/,735,3,95
/moon/moreno-valley-ca/,746,3,96
/moon/morgan-hill-ca/,746,3,96
/moon/moscow/,732,3,95
/moon/mount-pleasant-sc/,747,3,96
/moon/mount-prospect-il/,740,3,96
/moon/mount-vernon-ny/,748,3,96
/moon/mountain-view-ca/,752,3,96
/moon/mumbai/,732,3,95
/moon/muncie-in/,729,3,95
/moon/murfreesboro-tn/,729,3,95
/moon/murray-ut/,735,3,95
/moon/murrieta-ca/,735,3,95
/moon/muskegon-mi/,729,3,95
/moon/muskogee-ok/,729,3,95
/moon/nairobi/,726,3,95
/moon/nampa-id/,735,3,95
/moon/napa-ca/,735,3,95
/moon/naperville-il/,729,3,95
/moon/nashua-nh/,730,3,95
/moon/nashville/,729,3,95
/moon/national-city-ca/,756,3,96
/moon/near-me/,322,1,82
/moon/new-bedford-ma/,747,3,96
/moon/new-berlin-wi/,740,3,96
/moon/new-braunfels-tx/,740,3,96
/moon/new-britain-ct/,747,3,96
/moon/new-brunswick-nj/,748,3,96
/moon/new-haven-ct/,747,3,96
/moon/new-orleans/,750,3,96
/moon/new-rochelle-ny/,748,3,96
/moon/new-york/,751,3,96
/moon/newark-ca/,741,3,95
/moon/newark-nj/,740,3,95
/moon/newark-oh/,729,3,95
/moon/newport-beach-ca/,754,3,96
/moon/newport-news-va/,747,3,96
/moon/newton-ma/,735,3,95
/moon/niagara-falls-ny/,741,3,96
/moon/nice/,735,3,103
/moon/noblesville-in/,729,3,95
/moon/nome/,735,3,95
/moon/norfolk-va/,736,3,95
/moon/normal-il/,729,3,95
/moon/norman-ok/,729,3,95
/moon/north-charleston-sc/,747,3,96
/moon/north-las-vegas-nv/,757,3,97
/moon/north-lauderdale-fl/,748,3,96
/moon/north-little-rock-ar/,751,3,97
/moon/north-miami-beach-fl/,758,3,97
/moon/north-miami-fl/,747,3,96
/moon/north-port-fl/,740,3,96
/moon/north-richland-hills-tx/,751,3,97
/moon/northglenn-co/,735,3,95
/moon/norwalk-ca/,742,3,95
/moon/norwalk-ct/,735,3,95
/moon/norwich-ct/,736,3,95
/moon/noumea/,741,3,95
/moon/novato-ca/,742,3,95
/moon/novi-mi/,729,3,95
/moon/o-fallon-mo/,729,3,95
/moon/oak-lawn-il/,740,3,96
/moon/oak-park-il/,740,3,96
/moon/oakland-ca/,741,3,95
/moon/oakland-park-fl/,747,3,96
/moon/oakley-ca/,735,3,95
/moon/ocala-fl/,729,3,95
/moon/oceanside-ca/,744,3,95
/moon/ocoee-fl/,729,3,95
/moon/odessa-tx/,735,3,95
/moon/ogden-ut/,735,3,95
/moon/oklahoma-city-ok/,740,3,96
/moon/olathe-ks/,729,3,95
/moon/olympia-wa/,741,3,95
/moon/omaha-ne/,735,3,95
/moon/ontario-ca/,743,3,95
/moon/orange-ca/,743,3,95
/moon/orem-ut/,735,3,95
/moon/orland-park-il/,740,3,96
/moon/orlando-fl/,729,3,95
/moon/ormond-beach-fl/,740,3,96
/moon/oro-valley-az/,746,3,96
/moon/osaka/,732,3,95
/moon/oshkosh-wi/,729,3,95
/moon/oslo/,735,3,103
/moon/overland-park-ks/,740,3,96
/moon/owensboro-ky/,729,3,95
/moon/oxnard-ca/,742,3,95
/moon/pacifica-ca/,742,3,95
/moon/pago-pago/,767,3,104
/moon/palatine-il/,729,3,95
/moon/palm-bay-fl/,749,3,96
/moon/palm-beach-gardens-fl/,759,3,97
/moon/palm-coast-fl/,748,3,96
/moon/palm-desert-ca/,746,3,96
/moon/palm-springs-ca/,746,3,96
/moon/palmdale-ca/,735,3,95
/moon/palo-alto-ca/,752,3,96
/moon/panama-city-fl/,747,3,96
/moon/papeete/,739,3,95
/moon/paramount-ca/,742,3,95
/moon/paris/,735,3,103
/moon/park-ridge-il/,740,3,96
/moon/parker-co/,735,3,95
/moon/parma-oh/,729,3,95
/moon/pasadena-ca/,742,3,95
/moon/pasadena-tx/,729,3,95
/moon/pasco-wa/,735,3,95
/moon/passaic-nj/,740,3,95
/moon/paterson-nj/,740,3,95
/moon/pawtucket-ri/,736,3,95
/moon/peabody-ma/,735,3,95
/moon/peachtree-corners-ga/,740,3,96
/moon/pearland-tx/,737,3,95
/moon/pembroke-pines-fl/,747,3,96
/moon/pensacola-fl/,735,3,95
/moon/peoria-az/,735,3,95
/moon/peoria-il/,729,3,95
/moon/perris-ca/,735,3,95
/moon/perth-amboy-nj/,748,3,96
/moon/perth/,707,3,95
/moon/petaluma-ca/,742,3,95
/moon/pflugerville-tx/,729,3,95
/moon/pharr-tx/,729,3,95
/moon/phenix-city-al/,740,3,96
/moon/philadelphia/,738,3,95
/moon/phoenix/,735,3,95
/moon/phuket/,731,3,95
/moon/pico-rivera-ca/,753,3,96
/moon/pine-bluff-ar/,740,3,96
/moon/pinellas-park-fl/,747,3,96
/moon/pittsburg-ca/,741,3,95
/moon/pittsburgh-pa/,729,3,95
/moon/pittsfield-ma/,729,3,95
/moon/placentia-ca/,743,3,95
/moon/plainfield-il/,729,3,95
/moon/plainfield-nj/,740,3,95
/moon/plano-tx/,729,3,95
/moon/plantation-fl/,736,3,95
/moon/pleasanton-ca/,741,3,95
/moon/plymouth-mn/,735,3,95
/moon/pocatello-id/,735,3,95
/moon/pomona-ca/,743,3,95
/moon/pompano-beach-fl/,748,3,96
/moon/pontiac-mi/,729,3,95
/moon/port-arthur-tx/,748,3,96
/moon/port-orange-fl/,740,3,96
/moon/port-st-lucie-fl/,751,3,97
/moon/portage-mi/,729,3,95
/moon/porterville-ca/,735,3,95
/moon/portland-me/,735,3,95
/moon/portland/,735,3,95
/moon/portsmouth-va/,736,3,95
/moon/poway-ca/,744,3,95
/moon/prague/,735,3,103
/moon/prescott-az/,735,3,95
/moon/prescott-valley-az/,746,3,96
/moon/providence-ri/,736,3,95
/moon/provo-ut/,735,3,95
/moon/pueblo-co/,735,3,95
/moon/puyallup-wa/,741,3,95
/moon/queenstown/,741,3,95
/moon/quincy-il/,729,3,95
/moon/quincy-ma/,735,3,95
/moon/racine-wi/,729,3,95
/moon/raleigh-nc/,730,3,95
/moon/rancho-cordova-ca/,746,3,96
/moon/rancho-cucamonga-ca/,746,3,96
/moon/rancho-palos-verdes-ca/,764,3,97
/moon/rancho-santa-margarita-ca/,765,3,97
/moon/rapid-city-sd/,747,3,96
/moon/reading-pa/,729,3,95
/moon/redding-ca/,735,3,95
/moon/redlands-ca/,735,3,95
/moon/redmond-wa/,741,3,95
/moon/redondo-beach-ca/,753,3,96
/moon/redwood-city-ca/,752,3,96
/moon/reno-nv/,735,3,95
/moon/renton-wa/,741,3,95
/moon/revere-ma/,735,3,95
/moon/reykjavik/,726,3,95
/moon/rialto-ca/,735,3,95
/moon/richardson-tx/,729,3,95
/moon/richland-wa/,735,3,95
/moon/richmond-ca/,742,3,95
/moon/richmond-va/,729,3,95
/moon/rio-de-janeiro/,748,3,97
/moon/rio-rancho-nm/,747,3,96
/moon/riverside-ca/,735,3,95
/moon/riverton-ut/,735,3,95
/moon/riyadh/,734,3,95
/moon/roanoke-va/,729,3,95
/moon/rochester-hills-mi/,740,3,96
/moon/rochester-mn/,735,3,95
/moon/rochester-ny/,730,3,95
/moon/rock-hill-sc/,741,3,96
/moon/rock-island-il/,740,3,96
/moon/rockford-il/,729,3,95
/moon/rocklin-ca/,735,3,95
/moon/rockville-md/,735,3,95
/moon/rockwall-tx/,729,3,95
/moon/rocky-mount-nc/,741,3,96
/moon/rogers-ar/,729,3,95
/moon/rohnert-park-ca/,753,3,96
/moon/rome/,735,3,103
/moon/romeoville-il/,729,3,95
/moon/rosemead-ca/,742,3,95
/moon/roseville-ca/,735,3,95
/moon/roseville-mi/,729,3,95
/moon/roswell-ga/,729,3,95
/moon/roswell-nm/,736,3,95
/moon/round-rock-tx/,740,3,96
/moon/rowlett-tx/,729,3,95
/moon/roy-ut/,735,3,95
/moon/royal-oak-mi/,740,3,96
/moon/sacramento-ca/,735,3,95
/moon/saginaw-mi/,729,3,95
/moon/salem-ma/,735,3,95
/moon/salem-or/,735,3,95
/moon/salina-ks/,735,3,95
/moon/salinas-ca/,741,3,95
/moon/salt-lake-city/,757,3,97
/moon/sammamish-wa/,741,3,95
/moon/san-angelo-tx/,740,3,96
/moon/san-antonio-tx/,740,3,96
/moon/san-bernardino-ca/,746,3,96
/moon/san-bruno-ca/,752,3,96
/moon/san-clemente-ca/,754,3,96
/moon/san-diego/,756,3,96
/moon/san-francisco/,753,3,96
/moon/san-gabriel-ca/,753,3,96
/moon/san-jacinto-ca/,746,3,96
/moon/san-jose-ca/,746,3,96
/moon/san-leandro-ca/,752,3,96
/moon/san-luis-obispo-ca/,765,3,97
/moon/san-marcos-ca/,755,3,96
/moon/san-marcos-tx/,740,3,96
/moon/san-mateo-ca/,752,3,96
/moon/san-rafael-ca/,753,3,96
/moon/san-ramon-ca/,752,3,96
/moon/sandy-springs-ga/,740,3,96
/moon/sandy-ut/,735,3,95
/moon/sanford-fl/,729,3,95
/moon/santa-ana-ca/,754,3,96
/moon/santa-barbara-ca/,753,3,96
/moon/santa-clara-ca/,752,3,96
/moon/santa-clarita-ca/,753,3,96
/moon/santa-cruz-ca/,752,3,96
/moon/santa-fe-nm/,747,3,96
/moon/santa-maria-ca/,754,3,96
/moon/santa-monica-ca/,753,3,96
/moon/santa-rosa-ca/,753,3,96
/moon/santee-ca/,745,3,95
/moon/santiago/,700,3,95
/moon/santorini/,727,3,95
/moon/sao-paulo/,737,3,96
/moon/sarasota-fl/,736,3,95
/moon/savannah-ga/,736,3,95
/moon/sayreville-nj/,737,3,95
/moon/schaumburg-il/,729,3,95
/moon/schenectady-ny/,730,3,95
/moon/scottsdale-az/,735,3,95
/moon/scranton-pa/,729,3,95
/moon/seattle/,741,3,95
/moon/sedona/,735,3,95
/moon/seoul/,740,3,95
/moon/shakopee-mn/,735,3,95
/moon/shanghai/,732,3,95
/moon/shawnee-ks/,729,3,95
/moon/sheboygan-wi/,729,3,95
/moon/shelton-ct/,736,3,95
/moon/sherman-tx/,729,3,95
/moon/shoreline-wa/,741,3,95
/moon/shreveport-la/,729,3,95
/moon/sierra-vista-az/,746,3,96
/moon/simi-valley-ca/,753,3,96
/moon/singapore/,706,3,95
/moon/sioux-city-ia/,746,3,96
/moon/sioux-falls-sd/,747,3,96
/moon/skokie-il/,729,3,95
/moon/smyrna-ga/,729,3,95
/moon/smyrna-tn/,729,3,95
/moon/somerville-ma/,735,3,95
/moon/south-bend-in/,740,3,96
/moon/south-gate-ca/,753,3,96
/moon/south-jordan-ut/,746,3,96
/moon/south-san-francisco-ca/,763,3,97
/moon/southaven-ms/,729,3,95
/moon/southfield-mi/,729,3,95
/moon/spanish-fork-ut/,746,3,96
/moon/sparks-nv/,735,3,95
/moon/spartanburg-sc/,730,3,95
/moon/spokane-valley-wa/,746,3,96
/moon/spokane-wa/,735,3,95
/moon/springdale-ar/,729,3,95
/moon/springfield-il/,729,3,95
/moon/springfield-ma/,729,3,95
/moon/springfield-mo/,729,3,95
/moon/springfield-oh/,729,3,95
/moon/springfield-or/,735,3,95
/moon/st-charles-mo/,740,3,96
/moon/st-clair-shores-mi/,751,3,97
/moon/st-cloud-fl/,740,3,96
/moon/st-cloud-mn/,746,3,96
/moon/st-george-ut/,746,3,96
/moon/st-john-s/,737,3,96
/moon/st-joseph-mo/,740,3,96
/moon/st-louis-mo/,740,3,96
/moon/st-louis-park-mn/,757,3,97
/moon/st-paul-mn/,746,3,96
/moon/st-peters-mo/,740,3,96
/moon/st-petersburg-fl/,747,3,96
/moon/stamford-ct/,735,3,95
/moon/stanton-ca/,743,3,95
/moon/state-college-pa/,740,3,96
/moon/state/alabama/,116,0,36
/moon/state/alaska/,104,0,36
/moon/state/arizona/,136,0,36
/moon/state/arkansas/,118,0,36
/moon/state/california/,401,1,67
/moon/state/colorado/,129,0,36
/moon/state/connecticut/,121,0,36
/moon/state/delaware/,105,0,36
/moon/state/district-of-columbia/,106,0,36
/moon/state/florida/,217,0,36
/moon/state/georgia/,127,0,36
/moon/state/hawaii/,104,0,36
/moon/state/idaho/,114,0,36
/moon/state/illinois/,171,0,36
/moon/state/indiana/,127,0,36
/moon/state/iowa/,124,0,36
/moon/state/kansas/,116,0,36
/moon/state/kentucky/,109,0,36
/moon/state/louisiana/,116,0,36
/moon/state/maine/,104,0,36
/moon/state/maryland/,110,0,36
/moon/state/massachusetts/,143,0,36
/moon/state/michigan/,146,0,36
/moon/state/minnesota/,136,0,36
/moon/state/mississippi/,109,0,36
/moon/state/missouri/,128,0,36
/moon/state/montana/,108,0,36
/moon/state/nebraska/,108,0,36
/moon/state/nevada/,113,0,36
/moon/state/new-hampshire/,107,0,36
/moon/state/new-jersey/,134,0,36
/moon/state/new-mexico/,114,0,36
/moon/state/new-york/,127,0,36
/moon/state/north-carolina/,129,0,36
/moon/state/north-dakota/,109,0,36
/moon/state/ohio/,140,0,36
/moon/state/oklahoma/,117,0,36
/moon/state/oregon/,118,0,36
/moon/state/pennsylvania/,117,0,36
/moon/state/rhode-island/,111,0,36
/moon/state/south-carolina/,122,0,36
/moon/state/south-dakota/,108,0,36
/moon/state/tennessee/,121,0,36
/moon/state/texas/,209,0,36
/moon/state/utah/,130,0,36
/moon/state/vermont/,104,0,36
/moon/state/virginia/,122,0,36
/moon/state/washington/,133,0,36
/moon/state/west-virginia/,106,0,36
/moon/state/wisconsin/,130,0,36
/moon/state/wyoming/,105,0,36
/moon/sterling-heights-mi/,740,3,96
/moon/stillwater-ok/,729,3,95
/moon/stockholm/,735,3,103
/moon/stockton-ca/,735,3,95
/moon/streamwood-il/,729,3,95
/moon/strongsville-oh/,729,3,95
/moon/suffolk-va/,736,3,95
/moon/sugar-land-tx/,740,3,96
/moon/summerville-sc/,736,3,95
/moon/sumter-sc/,730,3,95
/moon/sunnyvale-ca/,741,3,95
/moon/sunrise-fl/,736,3,95
/moon/supermoons/,609,4,96
/moon/surprise-az/,735,3,95
/moon/sydney/,707,3,95
/moon/syracuse-ny/,730,3,95
/moon/tacoma-wa/,741,3,95
/moon/taipei/,732,3,95
/moon/tallahassee-fl/,729,3,95
/moon/tamarac-fl/,737,3,95
/moon/tampa-fl/,736,3,95
/moon/taunton-ma/,735,3,95
/moon/taylor-mi/,729,3,95
/moon/taylorsville-ut/,735,3,95
/moon/tehran/,732,3,95
/moon/tel-aviv/,737,3,96
/moon/temecula-ca/,735,3,95
/moon/tempe-az/,735,3,95
/moon/temple-tx/,729,3,95
/moon/terre-haute-in/,740,3,96
/moon/texarkana-tx/,729,3,95
/moon/texas-city-tx/,748,3,96
/moon/the-colony-tx/,740,3,96
/moon/thornton-co/,735,3,95
/moon/thousand-oaks-ca/,753,3,96
/moon/tigard-or/,735,3,95
/moon/tinley-park-il/,740,3,96
/moon/titusville-fl/,738,3,95
/moon/tokyo/,732,3,95
/moon/toledo-oh/,729,3,95
/moon/topeka-ks/,729,3,95
/moon/toronto/,726,3,95
/moon/torrance-ca/,742,3,95
/moon/tracy-ca/,735,3,95
/moon/trenton-nj/,739,3,95
/moon/troy-mi/,729,3,95
/moon/troy-ny/,730,3,95
/moon/tucson-az/,735,3,95
/moon/tulare-ca/,735,3,95
/moon/tulsa-ok/,729,3,95
/moon/turlock-ca/,735,3,95
/moon/tuscaloosa-al/,729,3,95
/moon/tustin-ca/,743,3,95
/moon/twin-falls-id/,746,3,96
/moon/tyler-tx/,729,3,95
/moon/union-city-ca/,752,3,96
/moon/union-city-nj/,751,3,96
/moon/upland-ca/,735,3,95
/moon/urbana-il/,729,3,95
/moon/urbandale-ia/,729,3,95
/moon/utica-ny/,730,3,95
/moon/vacaville-ca/,735,3,95
/moon/valdosta-ga/,729,3,95
/moon/vallejo-ca/,741,3,95
/moon/valley-stream-ny/,748,3,96
/moon/vancouver-wa/,735,3,95
/moon/vancouver/,732,3,95
/moon/ventura-ca/,742,3,95
/moon/victoria-tx/,729,3,95
/moon/victorville-ca/,735,3,95
/moon/vienna/,735,3,103
/moon/vineland-nj/,739,3,95
/moon/virginia-beach-va/,749,3,96
/moon/visalia-ca/,735,3,95
/moon/vista-ca/,744,3,95
/moon/waco-tx/,729,3,95
/moon/walnut-creek-ca/,752,3,96
/moon/waltham-ma/,735,3,95
/moon/warner-robins-ga/,740,3,96
/moon/warren-mi/,729,3,95
/moon/warren-oh/,729,3,95
/moon/warsaw/,735,3,103
/moon/warwick-ri/,736,3,95
/moon/washington-d-c/,746,3,97
/moon/waterbury-ct/,736,3,95
/moon/waterloo-ia/,729,3,95
/moon/watsonville-ca/,741,3,95
/moon/waukegan-il/,729,3,95
/moon/waukesha-wi/,729,3,95
/moon/wausau-wi/,729,3,95
/moon/wauwatosa-wi/,729,3,95
/moon/wellington-fl/,737,3,95
/moon/weslaco-tx/,729,3,95
/moon/west-allis-wi/,740,3,96
/moon/west-covina-ca/,753,3,96
/moon/west-des-moines-ia/,751,3,97
/moon/west-haven-ct/,747,3,96
/moon/west-jordan-ut/,746,3,96
/moon/west-new-york-nj/,762,3,97
/moon/west-palm-beach-fl/,759,3,97
/moon/west-sacramento-ca/,746,3,96
/moon/west-valley-city-ut/,757,3,97
/moon/westerville-oh/,729,3,95
/moon/westfield-ma/,729,3,95
/moon/westland-mi/,729,3,95
/moon/westminster-ca/,743,3,95
/moon/westminster-co/,735,3,95
/moon/weston-fl/,736,3,95
/moon/weymouth-town-ma/,746,3,96
/moon/wheaton-il/,729,3,95
/moon/wheeling-il/,729,3,95
/moon/white-plains-ny/,748,3,96
/moon/whittier-ca/,742,3,95
/moon/wichita-falls-tx/,740,3,96
/moon/wichita-ks/,735,3,95
/moon/wilkes-barre-pa/,729,3,95
/moon/wilmington-de/,738,3,95
/moon/wilmington-nc/,736,3,95
/moon/wilson-nc/,730,3,95
/moon/winston-salem-nc/,730,3,95
/moon/winter-garden-fl/,740,3,96
/moon/woburn-ma/,735,3,95
/moon/woodbury-mn/,735,3,95
/moon/woodland-ca/,735,3,95
/moon/woonsocket-ri/,736,3,95
/moon/worcester-ma/,729,3,95
/moon/wylie-tx/,729,3,95
/moon/wyoming-mi/,729,3,95
/moon/yakima-wa/,735,3,95
/moon/yonkers-ny/,737,3,95
/moon/yorba-linda-ca/,754,3,96
/moon/york-pa/,729,3,95
/moon/youngstown-oh/,729,3,95
/moon/yuba-city-ca/,746,3,96
/moon/yucaipa-ca/,735,3,95
/moon/yuma-az/,735,3,95
/moon/zanzibar/,726,3,95
/moon/zurich/,735,3,103
/neptune-and-moons-simulator/,1211,5,100
/orbital-velocity-simulator/,712,3,96
/orbital-velocity-simulator/why-planets-dont-fall-into-the-sun/,1714,15,108
/planets/,2660,24,93
/pluto-and-moons-simulator/,1184,3,105
/political-countdowns/,105,0,38
/political-countdowns/election-day/,448,1,76
/political-countdowns/inauguration/,478,2,100
/political-countdowns/popular/,143,0,48
/political-countdowns/presidential-election/,464,2,82
/popular/,143,0,48
/questions/,1223,0,40
/report/,243,0,51
/rocket-launch-simulator/,2085,17,135
/rocket-launch-simulator/jupiter/,1135,6,135
/rocket-launch-simulator/mars/,1132,6,135
/rocket-launch-simulator/saturn/,1135,6,135
/saturn-and-moons-simulator/,2065,8,180
/solar-system-simulator/,1505,9,100
/solar-system-simulator/asteroid-belt/,1382,7,100
/solar-system-simulator/comets/,1022,3,100
/solar-system-simulator/inner-planets/,526,1,100
/solar-system-simulator/outer-planets/,502,1,100
/space/,1056,1,64
/sponsors/,502,2,88
/sports-countdowns/,108,0,38
/sports-countdowns/boston-marathon/,447,1,62
/sports-countdowns/daytona-500/,556,2,84
/sports-countdowns/indy-500/,493,1,85
/sports-countdowns/kentucky-derby/,375,0,38
/sports-countdowns/march-madness/,552,2,74
/sports-countdowns/masters/,406,0,49
/sports-countdowns/mlb-opening-day/,384,1,66
/sports-countdowns/monaco-grand-prix/,466,0,60
/sports-countdowns/nfl-draft/,412,0,51
/sports-countdowns/nfl-kickoff/,483,0,60
/sports-countdowns/olympics/,570,2,95
/sports-countdowns/popular/,143,0,48
/sports-countdowns/selection-sunday/,370,0,53
/sports-countdowns/super-bowl/,415,0,57
/sports-countdowns/tour-de-france/,547,1,122
/sports-countdowns/wimbledon/,416,0,57
/sports-countdowns/world-cup/,547,2,74
/sports-countdowns/world-series/,615,3,81
/sports-countdowns/wrestlemania/,429,0,52
/stopwatch/,1032,4,87
/stopwatch/multiple/,1219,8,105
/suggest-event/,257,0,53
/sun-moon-earth-movement-simulator/,1154,6,105
/sun-moon-earth-movement-simulator/abilene-tx/,412,2,97
/sun-moon-earth-movement-simulator/addison-il/,410,2,97
/sun-moon-earth-movement-simulator/adelaide/,400,1,97
/sun-moon-earth-movement-simulator/akron-oh/,410,2,97
/sun-moon-earth-movement-simulator/alameda-ca/,411,2,97
/sun-moon-earth-movement-simulator/albany-ga/,410,2,97
/sun-moon-earth-movement-simulator/albany-ny/,408,2,97
/sun-moon-earth-movement-simulator/albany-or/,408,2,97
/sun-moon-earth-movement-simulator/albuquerque-nm/,411,2,97
/sun-moon-earth-movement-simulator/alexandria-la/,411,2,97
/sun-moon-earth-movement-simulator/alexandria-va/,409,2,97
/sun-moon-earth-movement-simulator/alhambra-ca/,411,2,97
/sun-moon-earth-movement-simulator/aliso-viejo-ca/,418,2,98
/sun-moon-earth-movement-simulator/allen-tx/,409,2,97
/sun-moon-earth-movement-simulator/allentown-pa/,407,2,97
/sun-moon-earth-movement-simulator/alpharetta-ga/,411,2,97
/sun-moon-earth-movement-simulator/altamonte-springs-fl/,413,2,98
/sun-moon-earth-movement-simulator/altoona-pa/,409,2,97
/sun-moon-earth-movement-simulator/amarillo-tx/,409,2,97
/sun-moon-earth-movement-simulator/ames-ia/,412,2,97
/sun-moon-earth-movement-simulator/amsterdam/,423,1,105
/sun-moon-earth-movement-simulator/anaheim-ca/,410,2,97
/sun-moon-earth-movement-simulator/anchorage/,419,1,97
/sun-moon-earth-movement-simulator/anderson-in/,408,2,97
/sun-moon-earth-movement-simulator/ankeny-ia/,412,2,97
/sun-moon-earth-movement-simulator/ann-arbor-mi/,414,2,98
/sun-moon-earth-movement-simulator/annapolis-md/,409,2,97
/sun-moon-earth-movement-simulator/antioch-ca/,409,2,97
/sun-moon-earth-movement-simulator/apache-junction-az/,411,2,98
/sun-moon-earth-movement-simulator/apex-nc/,409,2,97
/sun-moon-earth-movement-simulator/apia/,409,1,105
/sun-moon-earth-movement-simulator/apopka-fl/,410,2,97
/sun-moon-earth-movement-simulator/apple-valley-ca/,413,2,98
/sun-moon-earth-movement-simulator/apple-valley-mn/,413,2,98
/sun-moon-earth-movement-simulator/appleton-wi/,411,2,97
/sun-moon-earth-movement-simulator/arcadia-ca/,411,2,97
/sun-moon-earth-movement-simulator/arlington-heights-il/,415,2,98
/sun-moon-earth-movement-simulator/arlington-tx/,412,2,97
/sun-moon-earth-movement-simulator/arvada-co/,408,2,97
/sun-moon-earth-movement-simulator/asheville-nc/,409,2,97
/sun-moon-earth-movement-simulator/athens-clarke-county-ga/,414,2,98
/sun-moon-earth-movement-simulator/athens/,401,1,97
/sun-moon-earth-movement-simulator/atlanta/,408,1,97
/sun-moon-earth-movement-simulator/atlantic-city-nj/,411,2,98
/sun-moon-earth-movement-simulator/attleboro-ma/,409,2,97
/sun-moon-earth-movement-simulator/auburn-al/,409,2,97
/sun-moon-earth-movement-simulator/auburn-wa/,424,2,97
/sun-moon-earth-movement-simulator/auckland/,400,1,97
/sun-moon-earth-movement-simulator/augusta-richmond-county-ga/,413,2,98
/sun-moon-earth-movement-simulator/aurora-co/,408,2,97
/sun-moon-earth-movement-simulator/aurora-il/,409,2,97
/sun-moon-earth-movement-simulator/austin/,410,1,97
/sun-moon-earth-movement-simulator/aventura-fl/,414,2,97
/sun-moon-earth-movement-simulator/avondale-az/,407,2,97
/sun-moon-earth-movement-simulator/azores/,400,1,97
/sun-moon-earth-movement-simulator/azusa-ca/,410,2,97
/sun-moon-earth-movement-simulator/baghdad/,401,1,97
/sun-moon-earth-movement-simulator/bakersfield-ca/,409,2,97
/sun-moon-earth-movement-simulator/baldwin-park-ca/,415,2,98
/sun-moon-earth-movement-simulator/bali/,404,1,97
/sun-moon-earth-movement-simulator/baltimore-md/,409,2,97
/sun-moon-earth-movement-simulator/bangkok/,404,1,97
/sun-moon-earth-movement-simulator/bar-harbor/,410,2,98
/sun-moon-earth-movement-simulator/barcelona/,408,1,105
/sun-moon-earth-movement-simulator/barnstable-town-ma/,415,2,98
/sun-moon-earth-movement-simulator/bartlett-il/,411,2,97
/sun-moon-earth-movement-simulator/bartlett-tn/,408,2,97
/sun-moon-earth-movement-simulator/baton-rouge-la/,413,2,98
/sun-moon-earth-movement-simulator/battle-creek-mi/,413,2,98
/sun-moon-earth-movement-simulator/bayonne-nj/,409,2,97
/sun-moon-earth-movement-simulator/baytown-tx/,409,2,97
/sun-moon-earth-movement-simulator/beaumont-ca/,410,2,97
/sun-moon-earth-movement-simulator/beaumont-tx/,411,2,97
/sun-moon-earth-movement-simulator/beavercreek-oh/,409,2,97
/sun-moon-earth-movement-simulator/beaverton-or/,423,2,97
/sun-moon-earth-movement-simulator/bedford-tx/,411,2,97
/sun-moon-earth-movement-simulator/beijing/,401,1,97
/sun-moon-earth-movement-simulator/bell-gardens-ca/,415,2,98
/sun-moon-earth-movement-simulator/belleville-il/,411,2,97
/sun-moon-earth-movement-simulator/bellevue-ne/,413,2,97
/sun-moon-earth-movement-simulator/bellevue-wa/,422,2,97
/sun-moon-earth-movement-simulator/bellflower-ca/,408,2,97
/sun-moon-earth-movement-simulator/bellingham-wa/,422,2,97
/sun-moon-earth-movement-simulator/beloit-wi/,409,2,97
/sun-moon-earth-movement-simulator/bend-or/,408,2,97
/sun-moon-earth-movement-simulator/bentonville-ar/,409,2,97
/sun-moon-earth-movement-simulator/berkeley-ca/,410,2,97
/sun-moon-earth-movement-simulator/berlin/,423,1,105
/sun-moon-earth-movement-simulator/berwyn-il/,409,2,97
/sun-moon-earth-movement-simulator/bethlehem-pa/,408,2,97
/sun-moon-earth-movement-simulator/beverly-ma/,408,2,97
/sun-moon-earth-movement-simulator/billings-mt/,425,2,97
/sun-moon-earth-movement-simulator/biloxi-ms/,408,2,97
/sun-moon-earth-movement-simulator/binghamton-ny/,408,2,97
/sun-moon-earth-movement-simulator/birmingham-al/,408,2,97
/sun-moon-earth-movement-simulator/bismarck-nd/,426,2,97
/sun-moon-earth-movement-simulator/blacksburg-va/,409,2,97
/sun-moon-earth-movement-simulator/blaine-mn/,427,2,97
/sun-moon-earth-movement-simulator/bloomington-il/,408,2,97
/sun-moon-earth-movement-simulator/bloomington-in/,409,2,97
/sun-moon-earth-movement-simulator/bloomington-mn/,412,2,97
/sun-moon-earth-movement-simulator/blue-springs-mo/,416,2,98
/sun-moon-earth-movement-simulator/boca-raton-fl/,417,2,98
/sun-moon-earth-movement-simulator/bogota/,402,1,97
/sun-moon-earth-movement-simulator/boise-id/,410,2,97
/sun-moon-earth-movement-simulator/bolingbrook-il/,409,2,97
/sun-moon-earth-movement-simulator/bonita-springs-fl/,416,2,98
/sun-moon-earth-movement-simulator/bossier-city-la/,412,2,98
/sun-moon-earth-movement-simulator/boston/,406,1,97
/sun-moon-earth-movement-simulator/boulder-co/,408,2,97
/sun-moon-earth-movement-simulator/bountiful-ut/,412,2,97
/sun-moon-earth-movement-simulator/bowie-md/,409,2,97
/sun-moon-earth-movement-simulator/bowling-green-ky/,411,2,98
/sun-moon-earth-movement-simulator/boynton-beach-fl/,417,2,98
/sun-moon-earth-movement-simulator/bozeman-mt/,426,2,97
/sun-moon-earth-movement-simulator/bradenton-fl/,410,2,97
/sun-moon-earth-movement-simulator/brea-ca/,411,2,97
/sun-moon-earth-movement-simulator/bremerton-wa/,422,2,97
/sun-moon-earth-movement-simulator/brentwood-ca/,408,2,97
/sun-moon-earth-movement-simulator/brentwood-tn/,407,2,97
/sun-moon-earth-movement-simulator/bridgeport-ct/,410,2,97
/sun-moon-earth-movement-simulator/brisbane/,400,1,97
/sun-moon-earth-movement-simulator/bristol-ct/,410,2,97
/sun-moon-earth-movement-simulator/brockton-ma/,408,2,97
/sun-moon-earth-movement-simulator/broken-arrow-ok/,413,2,98
/sun-moon-earth-movement-simulator/brookfield-wi/,410,2,97
/sun-moon-earth-movement-simulator/brookhaven-ga/,409,2,97
/sun-moon-earth-movement-simulator/brooklyn-park-mn/,430,2,98
/sun-moon-earth-movement-simulator/broomfield-co/,409,2,97
/sun-moon-earth-movement-simulator/brownsville-tx/,408,2,97
/sun-moon-earth-movement-simulator/brussels/,423,1,105
/sun-moon-earth-movement-simulator/bryan-tx/,409,2,97
/sun-moon-earth-movement-simulator/buckeye-az/,407,2,97
/sun-moon-earth-movement-simulator/buena-park-ca/,413,2,98
/sun-moon-earth-movement-simulator/buenos-aires/,407,2,98
/sun-moon-earth-movement-simulator/buffalo-grove-il/,416,2,98
/sun-moon-earth-movement-simulator/buffalo-ny/,408,2,97
/sun-moon-earth-movement-simulator/bullhead-city-az/,417,2,98
/sun-moon-earth-movement-simulator/burbank-ca/,410,2,97
/sun-moon-earth-movement-simulator/burien-wa/,423,2,97
/sun-moon-earth-movement-simulator/burleson-tx/,412,2,97
/sun-moon-earth-movement-simulator/burlington-nc/,410,2,97
/sun-moon-earth-movement-simulator/burlington-vt/,407,2,97
/sun-moon-earth-movement-simulator/burnsville-mn/,410,2,97
/sun-moon-earth-movement-simulator/cabo-san-lucas/,418,2,99
/sun-moon-earth-movement-simulator/cairo/,401,1,97
/sun-moon-earth-movement-simulator/caldwell-id/,409,2,97
/sun-moon-earth-movement-simulator/calexico-ca/,411,2,97
/sun-moon-earth-movement-simulator/calgary/,424,1,97
/sun-moon-earth-movement-simulator/calumet-city-il/,414,2,98
/sun-moon-earth-movement-simulator/camarillo-ca/,410,2,97
/sun-moon-earth-movement-simulator/cambridge-ma/,407,2,97
/sun-moon-earth-movement-simulator/camden-nj/,407,2,97
/sun-moon-earth-movement-simulator/campbell-ca/,411,2,97
/sun-moon-earth-movement-simulator/cancun/,409,1,97
/sun-moon-earth-movement-simulator/cannon-beach/,425,2,98
/sun-moon-earth-movement-simulator/canton-oh/,409,2,97
/sun-moon-earth-movement-simulator/cape-coral-fl/,416,2,98
/sun-moon-earth-movement-simulator/cape-girardeau-mo/,414,2,98
/sun-moon-earth-movement-simulator/cape-town/,407,2,98
/sun-moon-earth-movement-simulator/caracas/,405,1,97
/sun-moon-earth-movement-simulator/carlsbad-ca/,409,2,97
/sun-moon-earth-movement-simulator/carmel-in/,408,2,97
/sun-moon-earth-movement-simulator/carol-stream-il/,413,2,98
/sun-moon-earth-movement-simulator/carpentersville-il/,411,2,97
/sun-moon-earth-movement-simulator/carrollton-tx/,409,2,97
/sun-moon-earth-movement-simulator/carson-ca/,410,2,97
/sun-moon-earth-movement-simulator/carson-city-nv/,412,2,98
/sun-moon-earth-movement-simulator/cary-nc/,409,2,97
/sun-moon-earth-movement-simulator/casa-grande-az/,413,2,98
/sun-moon-earth-movement-simulator/casablanca/,400,1,97
/sun-moon-earth-movement-simulator/casper-wy/,410,2,97
/sun-moon-earth-movement-simulator/castle-rock-co/,411,2,98
/sun-moon-earth-movement-simulator/cathedral-city-ca/,416,2,98
/sun-moon-earth-movement-simulator/cedar-falls-ia/,415,2,98
/sun-moon-earth-movement-simulator/cedar-hill-tx/,413,2,98
/sun-moon-earth-movement-simulator/cedar-park-tx/,413,2,98
/sun-moon-earth-movement-simulator/cedar-rapids-ia/,415,2,98
/sun-moon-earth-movement-simulator/centennial-co/,408,2,97
/sun-moon-earth-movement-simulator/ceres-ca/,408,2,97
/sun-moon-earth-movement-simulator/cerritos-ca/,410,2,97
/sun-moon-earth-movement-simulator/champaign-il/,409,2,97
/sun-moon-earth-movement-simulator/chandler-az/,408,2,97
/sun-moon-earth-movement-simulator/chapel-hill-nc/,412,2,98
/sun-moon-earth-movement-simulator/charleston-sc/,413,2,97
/sun-moon-earth-movement-simulator/charleston-wv/,409,2,97
/sun-moon-earth-movement-simulator/charlotte-nc/,409,2,97
/sun-moon-earth-movement-simulator/charlottesville-va/,408,2,97
/sun-moon-earth-movement-simulator/chattanooga-tn/,408,2,97
/sun-moon-earth-movement-simulator/chelsea-ma/,407,2,97
/sun-moon-earth-movement-simulator/chesapeake-va/,410,2,97
/sun-moon-earth-movement-simulator/chesterfield-mo/,411,2,97
/sun-moon-earth-movement-simulator/cheyenne-wy/,409,2,97
/sun-moon-earth-movement-simulator/chicago/,408,1,97
/sun-moon-earth-movement-simulator/chico-ca/,409,2,97
/sun-moon-earth-movement-simulator/chicopee-ma/,409,2,97
/sun-moon-earth-movement-simulator/chino-ca/,410,2,97
/sun-moon-earth-movement-simulator/chino-hills-ca/,414,2,98
/sun-moon-earth-movement-simulator/chula-vista-ca/,415,2,98
/sun-moon-earth-movement-simulator/cicero-il/,410,2,97
/sun-moon-earth-movement-simulator/cincinnati-oh/,408,2,97
/sun-moon-earth-movement-simulator/citrus-heights-ca/,413,2,98
/sun-moon-earth-movement-simulator/clarksville-tn/,408,2,97
/sun-moon-earth-movement-simulator/clearwater-fl/,410,2,97
/sun-moon-earth-movement-simulator/cleveland-heights-oh/,412,2,98
/sun-moon-earth-movement-simulator/cleveland-oh/,409,2,97
/sun-moon-earth-movement-simulator/cleveland-tn/,409,2,97
/sun-moon-earth-movement-simulator/clifton-nj/,409,2,97
/sun-moon-earth-movement-simulator/clovis-ca/,408,2,97
/sun-moon-earth-movement-simulator/clovis-nm/,409,2,97
/sun-moon-earth-movement-simulator/coachella-ca/,413,2,97
/sun-moon-earth-movement-simulator/coconut-creek-fl/,416,2,98
/sun-moon-earth-movement-simulator/coeur-d-alene-id/,428,2,98
/sun-moon-earth-movement-simulator/college-station-tx/,412,2,98
/sun-moon-earth-movement-simulator/collierville-tn/,408,2,97
/sun-moon-earth-movement-simulator/colorado-springs-co/,413,2,98
/sun-moon-earth-movement-simulator/colton-ca/,409,2,97
/sun-moon-earth-movement-simulator/columbia-mo/,411,2,97
/sun-moon-earth-movement-simulator/columbia-sc/,410,2,97
/sun-moon-earth-movement-simulator/columbus-ga/,410,2,97
/sun-moon-earth-movement-simulator/columbus-in/,408,2,97
/sun-moon-earth-movement-simulator/columbus-oh/,409,2,97
/sun-moon-earth-movement-simulator/commerce-city-co/,411,2,98
/sun-moon-earth-movement-simulator/compton-ca/,409,2,97
/sun-moon-earth-movement-simulator/concord-ca/,410,2,97
/sun-moon-earth-movement-simulator/concord-nc/,409,2,97
/sun-moon-earth-movement-simulator/concord-nh/,408,2,97
/sun-moon-earth-movement-simulator/conroe-tx/,409,2,97
/sun-moon-earth-movement-simulator/conway-ar/,413,2,97
/sun-moon-earth-movement-simulator/coon-rapids-mn/,430,2,98
/sun-moon-earth-movement-simulator/copenhagen/,423,1,105
/sun-moon-earth-movement-simulator/coppell-tx/,409,2,97
/sun-moon-earth-movement-simulator/coral-gables-fl/,414,2,98
/sun-moon-earth-movement-simulator/coral-springs-fl/,415,2,98
/sun-moon-earth-movement-simulator/corona-ca/,410,2,97
/sun-moon-earth-movement-simulator/corpus-christi-tx/,412,2,98
/sun-moon-earth-movement-simulator/corvallis-or/,408,2,97
/sun-moon-earth-movement-simulator/costa-mesa-ca/,416,2,98
/sun-moon-earth-movement-simulator/council-bluffs-ia/,415,2,98
/sun-moon-earth-movement-simulator/covina-ca/,412,2,97
/sun-moon-earth-movement-simulator/covington-ky/,408,2,97
/sun-moon-earth-movement-simulator/cranston-ri/,410,2,97
/sun-moon-earth-movement-simulator/crystal-lake-il/,413,2,98
/sun-moon-earth-movement-simulator/culver-city-ca/,414,2,98
/sun-moon-earth-movement-simulator/cupertino-ca/,412,2,97
/sun-moon-earth-movement-simulator/cutler-bay-fl/,413,2,98
/sun-moon-earth-movement-simulator/cuyahoga-falls-oh/,413,2,98
/sun-moon-earth-movement-simulator/cypress-ca/,410,2,97
/sun-moon-earth-movement-simulator/dallas/,407,1,97
/sun-moon-earth-movement-simulator/daly-city-ca/,416,2,98
/sun-moon-earth-movement-simulator/danbury-ct/,408,2,97
/sun-moon-earth-movement-simulator/danville-ca/,411,2,97
/sun-moon-earth-movement-simulator/danville-va/,410,2,97
/sun-moon-earth-movement-simulator/davenport-ia/,411,2,97
/sun-moon-earth-movement-simulator/davie-fl/,410,2,97
/sun-moon-earth-movement-simulator/davis-ca/,411,2,97
/sun-moon-earth-movement-simulator/dayton-oh/,409,2,97
/sun-moon-earth-movement-simulator/daytona-beach-fl/,416,2,98
/sun-moon-earth-movement-simulator/dearborn-heights-mi/,413,2,98
/sun-moon-earth-movement-simulator/dearborn-mi/,409,2,97
/sun-moon-earth-movement-simulator/decatur-al/,408,2,97
/sun-moon-earth-movement-simulator/decatur-il/,408,2,97
/sun-moon-earth-movement-simulator/deerfield-beach-fl/,417,2,98
/sun-moon-earth-movement-simulator/dekalb-il/,408,2,97
/sun-moon-earth-movement-simulator/delano-ca/,408,2,97
/sun-moon-earth-movement-simulator/delhi/,400,1,97
/sun-moon-earth-movement-simulator/delray-beach-fl/,417,2,98
/sun-moon-earth-movement-simulator/deltona-fl/,411,2,97
/sun-moon-earth-movement-simulator/denton-tx/,410,2,97
/sun-moon-earth-movement-simulator/denver/,407,1,97
/sun-moon-earth-movement-simulator/des-moines-ia/,415,2,98
/sun-moon-earth-movement-simulator/des-plaines-il/,415,2,98
/sun-moon-earth-movement-simulator/desoto-tx/,409,2,97
/sun-moon-earth-movement-simulator/detroit/,409,1,97
/sun-moon-earth-movement-simulator/dhaka/,400,1,97
/sun-moon-earth-movement-simulator/diamond-bar-ca/,414,2,98
/sun-moon-earth-movement-simulator/doral-fl/,410,2,97
/sun-moon-earth-movement-simulator/dothan-al/,410,2,97
/sun-moon-earth-movement-simulator/dover-de/,407,2,97
/sun-moon-earth-movement-simulator/downers-grove-il/,412,2,98
/sun-moon-earth-movement-simulator/downey-ca/,410,2,97
/sun-moon-earth-movement-simulator/draper-ut/,410,2,97
/sun-moon-earth-movement-simulator/dubai/,400,1,97
/sun-moon-earth-movement-simulator/dublin-ca/,410,2,97
/sun-moon-earth-movement-simulator/dublin-oh/,409,2,97
/sun-moon-earth-movement-simulator/dublin/,415,1,97
/sun-moon-earth-movement-simulator/dubrovnik/,408,1,105
/sun-moon-earth-movement-simulator/dubuque-ia/,411,2,97
/sun-moon-earth-movement-simulator/duluth-mn/,427,2,97
/sun-moon-earth-movement-simulator/duncanville-tx/,409,2,97
/sun-moon-earth-movement-simulator/dunwoody-ga/,411,2,97
/sun-moon-earth-movement-simulator/durham-nc/,409,2,97
/sun-moon-earth-movement-simulator/eagan-mn/,410,2,97
/sun-moon-earth-movement-simulator/east-lansing-mi/,414,2,98
/sun-moon-earth-movement-simulator/east-orange-nj/,414,2,98
/sun-moon-earth-movement-simulator/east-providence-ri/,413,2,98
/sun-moon-earth-movement-simulator/eastvale-ca/,410,2,97
/sun-moon-earth-movement-simulator/eau-claire-wi/,414,2,98
/sun-moon-earth-movement-simulator/eden-prairie-mn/,414,2,98
/sun-moon-earth-movement-simulator/edina-mn/,410,2,97
/sun-moon-earth-movement-simulator/edinburg-tx/,408,2,97
/sun-moon-earth-movement-simulator/edinburgh/,415,1,97
/sun-moon-earth-movement-simulator/edmond-ok/,410,2,97
/sun-moon-earth-movement-simulator/edmonds-wa/,422,2,97
/sun-moon-earth-movement-simulator/el-cajon-ca/,415,2,98
/sun-moon-earth-movement-simulator/el-centro-ca/,414,2,98
/sun-moon-earth-movement-simulator/el-monte-ca/,415,2,98
/sun-moon-earth-movement-simulator/el-paso-tx/,415,2,98
/sun-moon-earth-movement-simulator/elgin-il/,410,2,97
/sun-moon-earth-movement-simulator/elizabeth-nj/,410,2,97
/sun-moon-earth-movement-simulator/elk-grove-ca/,415,2,98
/sun-moon-earth-movement-simulator/elkhart-in/,411,2,97
/sun-moon-earth-movement-simulator/elmhurst-il/,410,2,97
/sun-moon-earth-movement-simulator/elyria-oh/,409,2,97
/sun-moon-earth-movement-simulator/encinitas-ca/,409,2,97
/sun-moon-earth-movement-simulator/enid-ok/,410,2,97
/sun-moon-earth-movement-simulator/erie-pa/,409,2,97
/sun-moon-earth-movement-simulator/escondido-ca/,409,2,97
/sun-moon-earth-movement-simulator/euclid-oh/,409,2,97
/sun-moon-earth-movement-simulator/eugene-or/,408,2,97
/sun-moon-earth-movement-simulator/euless-tx/,409,2,97
/sun-moon-earth-movement-simulator/evanston-il/,410,2,97
/sun-moon-earth-movement-simulator/evansville-in/,409,2,97
/sun-moon-earth-movement-simulator/everett-ma/,407,2,97
/sun-moon-earth-movement-simulator/everett-wa/,423,2,97
/sun-moon-earth-movement-simulator/fairfield-ca/,408,2,97
/sun-moon-earth-movement-simulator/fairfield-oh/,408,2,97
/sun-moon-earth-movement-simulator/fall-river-ma/,414,2,98
/sun-moon-earth-movement-simulator/fargo-nd/,427,2,97
/sun-moon-earth-movement-simulator/farmington-hills-mi/,414,2,98
/sun-moon-earth-movement-simulator/farmington-nm/,411,2,97
/sun-moon-earth-movement-simulator/fayetteville-ar/,409,2,97
/sun-moon-earth-movement-simulator/fayetteville-nc/,409,2,97
/sun-moon-earth-movement-simulator/federal-way-wa/,427,2,98
/sun-moon-earth-movement-simulator/findlay-oh/,409,2,97
/sun-moon-earth-movement-simulator/fishers-in/,408,2,97
/sun-moon-earth-movement-simulator/fitchburg-ma/,408,2,97
/sun-moon-earth-movement-simulator/flagstaff-az/,408,2,97
/sun-moon-earth-movement-simulator/flint-mi/,410,2,97
/sun-moon-earth-movement-simulator/florence-al/,408,2,97
/sun-moon-earth-movement-simulator/florence-sc/,410,2,97
/sun-moon-earth-movement-simulator/florissant-mo/,411,2,97
/sun-moon-earth-movement-simulator/flower-mound-tx/,412,2,98
/sun-moon-earth-movement-simulator/folsom-ca/,410,2,97
/sun-moon-earth-movement-simulator/fond-du-lac-wi/,416,2,99
/sun-moon-earth-movement-simulator/fontana-ca/,411,2,97
/sun-moon-earth-movement-simulator/fort-collins-co/,412,2,98
/sun-moon-earth-movement-simulator/fort-lauderdale-fl/,413,2,98
/sun-moon-earth-movement-simulator/fort-myers-fl/,416,2,98
/sun-moon-earth-movement-simulator/fort-pierce-fl/,419,2,98
/sun-moon-earth-movement-simulator/fort-smith-ar/,413,2,98
/sun-moon-earth-movement-simulator/fort-wayne-in/,413,2,98
/sun-moon-earth-movement-simulator/fort-worth-tx/,415,2,98
/sun-moon-earth-movement-simulator/fountain-valley-ca/,417,2,98
/sun-moon-earth-movement-simulator/frankfurt/,423,1,105
/sun-moon-earth-movement-simulator/franklin-tn/,407,2,97
/sun-moon-earth-movement-simulator/frederick-md/,409,2,97
/sun-moon-earth-movement-simulator/freeport-ny/,411,2,97
/sun-moon-earth-movement-simulator/fremont-ca/,409,2,97
/sun-moon-earth-movement-simulator/fresno-ca/,408,2,97
/sun-moon-earth-movement-simulator/friendswood-tx/,409,2,97
/sun-moon-earth-movement-simulator/frisco-tx/,409,2,97
/sun-moon-earth-movement-simulator/fullerton-ca/,411,2,97
/sun-moon-earth-movement-simulator/gainesville-fl/,410,2,97
/sun-moon-earth-movement-simulator/gaithersburg-md/,409,2,97
/sun-moon-earth-movement-simulator/galveston-tx/,410,2,97
/sun-moon-earth-movement-simulator/garden-grove-ca/,414,2,98
/sun-moon-earth-movement-simulator/gardena-ca/,409,2,97
/sun-moon-earth-movement-simulator/garland-tx/,408,2,97
/sun-moon-earth-movement-simulator/gary-in/,411,2,97
/sun-moon-earth-movement-simulator/gastonia-nc/,409,2,97
/sun-moon-earth-movement-simulator/geneva/,423,1,105
/sun-moon-earth-movement-simulator/georgetown-tx/,409,2,97
/sun-moon-earth-movement-simulator/germantown-tn/,408,2,97
/sun-moon-earth-movement-simulator/gilbert-az/,408,2,97
/sun-moon-earth-movement-simulator/gilroy-ca/,411,2,97
/sun-moon-earth-movement-simulator/glendale-az/,407,2,97
/sun-moon-earth-movement-simulator/glendale-ca/,410,2,97
/sun-moon-earth-movement-simulator/glendora-ca/,411,2,97
/sun-moon-earth-movement-simulator/glenview-il/,411,2,97
/sun-moon-earth-movement-simulator/goodyear-az/,407,2,97
/sun-moon-earth-movement-simulator/goose-creek-sc/,416,2,98
/sun-moon-earth-movement-simulator/grand-forks-nd/,428,2,98
/sun-moon-earth-movement-simulator/grand-island-ne/,414,2,98
/sun-moon-earth-movement-simulator/grand-junction-co/,413,2,98
/sun-moon-earth-movement-simulator/grand-prairie-tx/,413,2,98
/sun-moon-earth-movement-simulator/grand-rapids-mi/,413,2,98
/sun-moon-earth-movement-simulator/grapevine-tx/,409,2,97
/sun-moon-earth-movement-simulator/great-falls-mt/,428,2,98
/sun-moon-earth-movement-simulator/greeley-co/,409,2,97
/sun-moon-earth-movement-simulator/green-bay-wi/,414,2,98
/sun-moon-earth-movement-simulator/greenacres-fl/,415,2,97
/sun-moon-earth-movement-simulator/greenfield-wi/,410,2,97
/sun-moon-earth-movement-simulator/greensboro-nc/,410,2,97
/sun-moon-earth-movement-simulator/greenville-nc/,409,2,97
/sun-moon-earth-movement-simulator/greenville-sc/,410,2,97
/sun-moon-earth-movement-simulator/greenwood-in/,408,2,97
/sun-moon-earth-movement-simulator/gresham-or/,423,2,97
/sun-moon-earth-movement-simulator/grove-city-oh/,412,2,98
/sun-moon-earth-movement-simulator/gulfport-ms/,408,2,97
/sun-moon-earth-movement-simulator/hackensack-nj/,410,2,97
/sun-moon-earth-movement-simulator/hagerstown-md/,408,2,97
/sun-moon-earth-movement-simulator/halifax/,407,1,97
/sun-moon-earth-movement-simulator/hallandale-beach-fl/,416,2,98
/sun-moon-earth-movement-simulator/haltom-city-tx/,415,2,98
/sun-moon-earth-movement-simulator/hamilton-oh/,408,2,97
/sun-moon-earth-movement-simulator/hammond-in/,411,2,97
/sun-moon-earth-movement-simulator/hampton-va/,410,2,97
/sun-moon-earth-movement-simulator/hanford-ca/,408,2,97
/sun-moon-earth-movement-simulator/hanoi/,404,1,97
/sun-moon-earth-movement-simulator/hanover-park-il/,414,2,98
/sun-moon-earth-movement-simulator/harlingen-tx/,408,2,97
/sun-moon-earth-movement-simulator/harrisburg-pa/,409,2,97
/sun-moon-earth-movement-simulator/harrisonburg-va/,408,2,97
/sun-moon-earth-movement-simulator/hartford-ct/,409,2,97
/sun-moon-earth-movement-simulator/hattiesburg-ms/,408,2,97
/sun-moon-earth-movement-simulator/havana/,409,1,97
/sun-moon-earth-movement-simulator/haverhill-ma/,408,2,97
/sun-moon-earth-movement-simulator/hawthorne-ca/,410,2,97
/sun-moon-earth-movement-simulator/hayward-ca/,411,2,97
/sun-moon-earth-movement-simulator/helsinki/,423,1,105
/sun-moon-earth-movement-simulator/hemet-ca/,410,2,97
/sun-moon-earth-movement-simulator/hempstead-ny/,411,2,97
/sun-moon-earth-movement-simulator/henderson-nv/,415,2,97
/sun-moon-earth-movement-simulator/hendersonville-tn/,407,2,97
/sun-moon-earth-movement-simulator/hesperia-ca/,410,2,97
/sun-moon-earth-movement-simulator/hialeah-fl/,411,2,97
/sun-moon-earth-movement-simulator/hickory-nc/,409,2,97
/sun-moon-earth-movement-simulator/high-point-nc/,413,2,98
/sun-moon-earth-movement-simulator/highland-ca/,410,2,97
/sun-moon-earth-movement-simulator/hillsboro-or/,423,2,97
/sun-moon-earth-movement-simulator/hilton-head-island-sc/,419,2,99
/sun-moon-earth-movement-simulator/ho-chi-minh-city/,414,2,100
/sun-moon-earth-movement-simulator/hoboken-nj/,411,2,97
/sun-moon-earth-movement-simulator/hoffman-estates-il/,414,2,98
/sun-moon-earth-movement-simulator/hollywood-fl/,413,2,97
/sun-moon-earth-movement-simulator/holyoke-ma/,409,2,97
/sun-moon-earth-movement-simulator/homestead-fl/,410,2,97
/sun-moon-earth-movement-simulator/hong-kong/,407,2,98
/sun-moon-earth-movement-simulator/honolulu/,412,1,97
/sun-moon-earth-movement-simulator/hoover-al/,408,2,97
/sun-moon-earth-movement-simulator/houston/,408,1,97
/sun-moon-earth-movement-simulator/huber-heights-oh/,412,2,98
/sun-moon-earth-movement-simulator/huntersville-nc/,409,2,97
/sun-moon-earth-movement-simulator/huntington-beach-ca/,417,2,98
/sun-moon-earth-movement-simulator/huntington-park-ca/,414,2,98
/sun-moon-earth-movement-simulator/huntington-wv/,409,2,97
/sun-moon-earth-movement-simulator/huntsville-al/,408,2,97
/sun-moon-earth-movement-simulator/huntsville-tx/,409,2,97
/sun-moon-earth-movement-simulator/hurst-tx/,411,2,97
/sun-moon-earth-movement-simulator/hutchinson-ks/,408,2,97
/sun-moon-earth-movement-simulator/ibiza/,408,1,105
/sun-moon-earth-movement-simulator/idaho-falls-id/,413,2,98
/sun-moon-earth-movement-simulator/independence-mo/,413,2,97
/sun-moon-earth-movement-simulator/indianapolis-in/,408,2,97
/sun-moon-earth-movement-simulator/indio-ca/,413,2,97
/sun-moon-earth-movement-simulator/inglewood-ca/,412,2,97
/sun-moon-earth-movement-simulator/iowa-city-ia/,414,2,98
/sun-moon-earth-movement-simulator/irvine-ca/,412,2,97
/sun-moon-earth-movement-simulator/irving-tx/,408,2,97
/sun-moon-earth-movement-simulator/istanbul/,401,1,97
/sun-moon-earth-movement-simulator/jackson-ms/,409,2,97
/sun-moon-earth-movement-simulator/jackson-tn/,408,2,97
/sun-moon-earth-movement-simulator/jacksonville-fl/,412,2,97
/sun-moon-earth-movement-simulator/jacksonville-nc/,409,2,97
/sun-moon-earth-movement-simulator/jakarta/,404,1,97
/sun-moon-earth-movement-simulator/janesville-wi/,410,2,97
/sun-moon-earth-movement-simulator/jefferson-city-mo/,414,2,98
/sun-moon-earth-movement-simulator/jeffersonville-in/,408,2,97
/sun-moon-earth-movement-simulator/jersey-city-nj/,414,2,98
/sun-moon-earth-movement-simulator/jerusalem/,401,1,97
/sun-moon-earth-movement-simulator/johannesburg/,401,1,97
/sun-moon-earth-movement-simulator/johns-creek-ga/,414,2,98
/sun-moon-earth-movement-simulator/johnson-city-tn/,412,2,98
/sun-moon-earth-movement-simulator/joliet-il/,410,2,97
/sun-moon-earth-movement-simulator/jonesboro-ar/,408,2,97
/sun-moon-earth-movement-simulator/joplin-mo/,409,2,97
/sun-moon-earth-movement-simulator/jupiter-fl/,415,2,97
/sun-moon-earth-movement-simulator/jurupa-valley-ca/,413,2,98
/sun-moon-earth-movement-simulator/kabul/,400,1,97
/sun-moon-earth-movement-simulator/kalamazoo-mi/,410,2,97
/sun-moon-earth-movement-simulator/kannapolis-nc/,409,2,97
/sun-moon-earth-movement-simulator/kansas-city-ks/,414,2,98
/sun-moon-earth-movement-simulator/kansas-city-mo/,415,2,98
/sun-moon-earth-movement-simulator/karachi/,400,1,97
/sun-moon-earth-movement-simulator/kathmandu/,400,1,97
/sun-moon-earth-movement-simulator/kearny-nj/,410,2,97
/sun-moon-earth-movement-simulator/keizer-or/,409,2,97
/sun-moon-earth-movement-simulator/keller-tx/,412,2,97
/sun-moon-earth-movement-simulator/kenner-la/,409,2,97
/sun-moon-earth-movement-simulator/kennewick-wa/,425,2,97
/sun-moon-earth-movement-simulator/kenosha-wi/,410,2,97
/sun-moon-earth-movement-simulator/kent-wa/,424,2,97
/sun-moon-earth-movement-simulator/kentwood-mi/,410,2,97
/sun-moon-earth-movement-simulator/kettering-oh/,409,2,97
/sun-moon-earth-movement-simulator/key-west/,412,2,98
/sun-moon-earth-movement-simulator/killeen-tx/,410,2,97
/sun-moon-earth-movement-simulator/kingsport-tn/,409,2,97
/sun-moon-earth-movement-simulator/kirkland-wa/,422,2,97
/sun-moon-earth-movement-simulator/kissimmee-fl/,411,2,97
/sun-moon-earth-movement-simulator/knoxville-tn/,409,2,97
/sun-moon-earth-movement-simulator/kokomo-in/,408,2,97
/sun-moon-earth-movement-simulator/kuala-lumpur/,407,2,98
/sun-moon-earth-movement-simulator/kyiv/,415,1,97
/sun-moon-earth-movement-simulator/la-crosse-wi/,414,2,98
/sun-moon-earth-movement-simulator/la-habra-ca/,414,2,98
/sun-moon-earth-movement-simulator/la-mesa-ca/,415,2,98
/sun-moon-earth-movement-simulator/la-mirada-ca/,414,2,98
/sun-moon-earth-movement-simulator/la-puente-ca/,416,2,98
/sun-moon-earth-movement-simulator/la-quinta-ca/,416,2,98
/sun-moon-earth-movement-simulator/lacey-wa/,424,2,97
/sun-moon-earth-movement-simulator/lafayette-in/,408,2,97
/sun-moon-earth-movement-simulator/lafayette-la/,411,2,97
/sun-moon-earth-movement-simulator/lagos/,408,1,105
/sun-moon-earth-movement-simulator/laguna-niguel-ca/,418,2,98
/sun-moon-earth-movement-simulator/lake-charles-la/,413,2,98
/sun-moon-earth-movement-simulator/lake-elsinore-ca/,415,2,98
/sun-moon-earth-movement-simulator/lake-forest-ca/,417,2,98
/sun-moon-earth-movement-simulator/lake-havasu-city-az/,418,2,99
/sun-moon-earth-movement-simulator/lake-oswego-or/,426,2,98
/sun-moon-earth-movement-simulator/lakeland-fl/,411,2,97
/sun-moon-earth-movement-simulator/lakeville-mn/,409,2,97
/sun-moon-earth-movement-simulator/lakewood-ca/,408,2,97
/sun-moon-earth-movement-simulator/lakewood-co/,408,2,97
/sun-moon-earth-movement-simulator/lakewood-oh/,409,2,97
/sun-moon-earth-movement-simulator/lakewood-wa/,424,2,97
/sun-moon-earth-movement-simulator/lancaster-ca/,409,2,97
/sun-moon-earth-movement-simulator/lancaster-oh/,409,2,97
/sun-moon-earth-movement-simulator/lancaster-pa/,408,2,97
/sun-moon-earth-movement-simulator/lancaster-tx/,409,2,97
/sun-moon-earth-movement-simulator/lansing-mi/,411,2,97
/sun-moon-earth-movement-simulator/laredo-tx/,409,2,97
/sun-moon-earth-movement-simulator/largo-fl/,410,2,97
/sun-moon-earth-movement-simulator/las-cruces-nm/,416,2,98
/sun-moon-earth-movement-simulator/las-vegas/,417,2,98
/sun-moon-earth-movement-simulator/lauderhill-fl/,410,2,97
/sun-moon-earth-movement-simulator/lawrence-in/,408,2,97
/sun-moon-earth-movement-simulator/lawrence-ks/,410,2,97
/sun-moon-earth-movement-simulator/lawrence-ma/,408,2,97
/sun-moon-earth-movement-simulator/lawton-ok/,411,2,97
/sun-moon-earth-movement-simulator/layton-ut/,411,2,97
/sun-moon-earth-movement-simulator/league-city-tx/,413,2,98
/sun-moon-earth-movement-simulator/lee-s-summit-mo/,416,2,98
/sun-moon-earth-movement-simulator/leesburg-va/,409,2,97
/sun-moon-earth-movement-simulator/lehi-ut/,409,2,97
/sun-moon-earth-movement-simulator/lenexa-ks/,412,2,97
/sun-moon-earth-movement-simulator/leominster-ma/,408,2,97
/sun-moon-earth-movement-simulator/lewisville-tx/,410,2,97
/sun-moon-earth-movement-simulator/lexington-fayette-ky/,408,2,97
/sun-moon-earth-movement-simulator/lima-oh/,410,2,97
/sun-moon-earth-movement-simulator/lima/,404,1,97
/sun-moon-earth-movement-simulator/lincoln-ca/,410,2,97
/sun-moon-earth-movement-simulator/lincoln-ne/,411,2,97
/sun-moon-earth-movement-simulator/lincoln-park-mi/,412,2,98
/sun-moon-earth-movement-simulator/linden-nj/,410,2,97
/sun-moon-earth-movement-simulator/lisbon/,400,1,97
/sun-moon-earth-movement-simulator/little-rock-ar/,416,2,98
/sun-moon-earth-movement-simulator/littleton-co/,408,2,97
/sun-moon-earth-movement-simulator/livermore-ca/,410,2,97
/sun-moon-earth-movement-simulator/livonia-mi/,410,2,97
/sun-moon-earth-movement-simulator/lodi-ca/,409,2,97
/sun-moon-earth-movement-simulator/logan-ut/,411,2,97
/sun-moon-earth-movement-simulator/lombard-il/,411,2,97
/sun-moon-earth-movement-simulator/lompoc-ca/,412,2,97
/sun-moon-earth-movement-simulator/london/,423,1,105
/sun-moon-earth-movement-simulator/long-beach-ca/,412,2,98
/sun-moon-earth-movement-simulator/longmont-co/,408,2,97
/sun-moon-earth-movement-simulator/longview-tx/,409,2,97
/sun-moon-earth-movement-simulator/lorain-oh/,409,2,97
/sun-moon-earth-movement-simulator/los-angeles/,413,2,98
/sun-moon-earth-movement-simulator/louisville-ky/,408,2,97
/sun-moon-earth-movement-simulator/loveland-co/,409,2,97
/sun-moon-earth-movement-simulator/lowell-ma/,408,2,97
/sun-moon-earth-movement-simulator/lubbock-tx/,408,2,97
/sun-moon-earth-movement-simulator/lynchburg-va/,408,2,97
/sun-moon-earth-movement-simulator/lynn-ma/,408,2,97
/sun-moon-earth-movement-simulator/lynwood-ca/,411,2,97
/sun-moon-earth-movement-simulator/macon-ga/,410,2,97
/sun-moon-earth-movement-simulator/madera-ca/,408,2,97
/sun-moon-earth-movement-simulator/madison-al/,408,2,97
/sun-moon-earth-movement-simulator/madison-wi/,409,2,97
/sun-moon-earth-movement-simulator/madrid/,408,1,105
/sun-moon-earth-movement-simulator/malden-ma/,408,2,97
/sun-moon-earth-movement-simulator/male/,400,1,97
/sun-moon-earth-movement-simulator/malibu/,410,1,97
/sun-moon-earth-movement-simulator/manassas-va/,409,2,97
/sun-moon-earth-movement-simulator/manchester-nh/,408,2,97
/sun-moon-earth-movement-simulator/manhattan-ks/,408,2,97
/sun-moon-earth-movement-simulator/manila/,404,1,97
/sun-moon-earth-movement-simulator/mankato-mn/,410,2,97
/sun-moon-earth-movement-simulator/mansfield-oh/,408,2,97
/sun-moon-earth-movement-simulator/mansfield-tx/,410,2,97
/sun-moon-earth-movement-simulator/manteca-ca/,408,2,97
/sun-moon-earth-movement-simulator/maple-grove-mn/,430,2,98
/sun-moon-earth-movement-simulator/maplewood-mn/,408,2,97
/sun-moon-earth-movement-simulator/marana-az/,411,2,97
/sun-moon-earth-movement-simulator/margate-fl/,412,2,97
/sun-moon-earth-movement-simulator/maricopa-az/,408,2,97
/sun-moon-earth-movement-simulator/marietta-ga/,408,2,97
/sun-moon-earth-movement-simulator/marlborough-ma/,408,2,97
/sun-moon-earth-movement-simulator/marrakech/,400,1,97
/sun-moon-earth-movement-simulator/martinez-ca/,409,2,97
/sun-moon-earth-movement-simulator/marysville-wa/,423,2,97
/sun-moon-earth-movement-simulator/mcallen-tx/,408,2,97
/sun-moon-earth-movement-simulator/mckinney-tx/,409,2,97
/sun-moon-earth-movement-simulator/medford-ma/,407,2,97
/sun-moon-earth-movement-simulator/medford-or/,408,2,97
/sun-moon-earth-movement-simulator/melbourne-fl/,411,2,97
/sun-moon-earth-movement-simulator/melbourne/,400,1,97
/sun-moon-earth-movement-simulator/memphis-tn/,408,2,97
/sun-moon-earth-movement-simulator/menifee-ca/,410,2,97
/sun-moon-earth-movement-simulator/mentor-oh/,409,2,97
/sun-moon-earth-movement-simulator/merced-ca/,408,2,97
/sun-moon-earth-movement-simulator/meriden-ct/,410,2,97
/sun-moon-earth-movement-simulator/meridian-id/,410,2,97
/sun-moon-earth-movement-simulator/meridian-ms/,408,2,97
/sun-moon-earth-movement-simulator/mesa-az/,408,2,97
/sun-moon-earth-movement-simulator/mesquite-tx/,407,2,97
/sun-moon-earth-movement-simulator/methuen-ma/,408,2,97
/sun-moon-earth-movement-simulator/mexico-city/,410,2,98
/sun-moon-earth-movement-simulator/miami-beach-fl/,415,2,98
/sun-moon-earth-movement-simulator/miami-gardens-fl/,417,2,98
/sun-moon-earth-movement-simulator/miami/,411,1,97
/sun-moon-earth-movement-simulator/middletown-ct/,410,2,97
/sun-moon-earth-movement-simulator/middletown-oh/,409,2,97
/sun-moon-earth-movement-simulator/midland-mi/,410,2,97
/sun-moon-earth-movement-simulator/midland-tx/,409,2,97
/sun-moon-earth-movement-simulator/midwest-city-ok/,413,2,98
/sun-moon-earth-movement-simulator/milan/,423,1,105
/sun-moon-earth-movement-simulator/milford-ct/,410,2,97
/sun-moon-earth-movement-simulator/milpitas-ca/,410,2,97
/sun-moon-earth-movement-simulator/milwaukee-wi/,410,2,97
/sun-moon-earth-movement-simulator/minneapolis/,410,1,97
/sun-moon-earth-movement-simulator/minnetonka-mn/,411,2,97
/sun-moon-earth-movement-simulator/minot-nd/,425,2,97
/sun-moon-earth-movement-simulator/miramar-fl/,413,2,97
/sun-moon-earth-movement-simulator/mishawaka-in/,410,2,97
/sun-moon-earth-movement-simulator/mission-tx/,408,2,97
/sun-moon-earth-movement-simulator/mission-viejo-ca/,418,2,98
/sun-moon-earth-movement-simulator/missoula-mt/,426,2,97
/sun-moon-earth-movement-simulator/missouri-city-tx/,413,2,98
/sun-moon-earth-movement-simulator/mobile-al/,408,2,97
/sun-moon-earth-movement-simulator/modesto-ca/,408,2,97
/sun-moon-earth-movement-simulator/moline-il/,411,2,97
/sun-moon-earth-movement-simulator/monroe-la/,410,2,97
/sun-moon-earth-movement-simulator/monrovia-ca/,411,2,97
/sun-moon-earth-movement-simulator/montclair-ca/,410,2,97
/sun-moon-earth-movement-simulator/montebello-ca/,411,2,97
/sun-moon-earth-movement-simulator/monterey-park-ca/,415,2,98
/sun-moon-earth-movement-simulator/montgomery-al/,409,2,97
/sun-moon-earth-movement-simulator/montreal/,421,1,97
/sun-moon-earth-movement-simulator/moore-ok/,410,2,97
/sun-moon-earth-movement-simulator/moorhead-mn/,427,2,97
/sun-moon-earth-movement-simulator/moreno-valley-ca/,413,2,98
/sun-moon-earth-movement-simulator/morgan-hill-ca/,415,2,98
/sun-moon-earth-movement-simulator/moscow/,415,1,97
/sun-moon-earth-movement-simulator/mount-pleasant-sc/,416,2,98
/sun-moon-earth-movement-simulator/mount-prospect-il/,416,2,98
/sun-moon-earth-movement-simulator/mount-vernon-ny/,416,2,98
/sun-moon-earth-movement-simulator/mountain-view-ca/,414,2,98
/sun-moon-earth-movement-simulator/mumbai/,400,1,97
/sun-moon-earth-movement-simulator/muncie-in/,408,2,97
/sun-moon-earth-movement-simulator/murfreesboro-tn/,407,2,97
/sun-moon-earth-movement-simulator/murray-ut/,413,2,97
/sun-moon-earth-movement-simulator/murrieta-ca/,410,2,97
/sun-moon-earth-movement-simulator/muskegon-mi/,409,2,97
/sun-moon-earth-movement-simulator/muskogee-ok/,410,2,97
/sun-moon-earth-movement-simulator/nairobi/,400,1,97
/sun-moon-earth-movement-simulator/nampa-id/,409,2,97
/sun-moon-earth-movement-simulator/napa-ca/,408,2,97
/sun-moon-earth-movement-simulator/naperville-il/,409,2,97
/sun-moon-earth-movement-simulator/nashua-nh/,408,2,97
/sun-moon-earth-movement-simulator/nashville/,406,1,97
/sun-moon-earth-movement-simulator/national-city-ca/,415,2,98
/sun-moon-earth-movement-simulator/new-bedford-ma/,414,2,98
/sun-moon-earth-movement-simulator/new-berlin-wi/,413,2,98
/sun-moon-earth-movement-simulator/new-braunfels-tx/,415,2,98
/sun-moon-earth-movement-simulator/new-britain-ct/,413,2,98
/sun-moon-earth-movement-simulator/new-brunswick-nj/,414,2,98
/sun-moon-earth-movement-simulator/new-haven-ct/,413,2,98
/sun-moon-earth-movement-simulator/new-orleans/,411,2,98
/sun-moon-earth-movement-simulator/new-rochelle-ny/,416,2,98
/sun-moon-earth-movement-simulator/new-york/,413,2,98
/sun-moon-earth-movement-simulator/newark-ca/,411,2,97
/sun-moon-earth-movement-simulator/newark-nj/,411,2,97
/sun-moon-earth-movement-simulator/newark-oh/,409,2,97
/sun-moon-earth-movement-simulator/newport-beach-ca/,416,2,98
/sun-moon-earth-movement-simulator/newport-news-va/,413,2,98
/sun-moon-earth-movement-simulator/newton-ma/,407,2,97
/sun-moon-earth-movement-simulator/niagara-falls-ny/,411,2,98
/sun-moon-earth-movement-simulator/nice/,408,1,105
/sun-moon-earth-movement-simulator/noblesville-in/,408,2,97
/sun-moon-earth-movement-simulator/nome/,419,1,97
/sun-moon-earth-movement-simulator/norfolk-va/,410,2,97
/sun-moon-earth-movement-simulator/normal-il/,408,2,97
/sun-moon-earth-movement-simulator/norman-ok/,410,2,97
/sun-moon-earth-movement-simulator/north-charleston-sc/,416,2,98
/sun-moon-earth-movement-simulator/north-las-vegas-nv/,421,2,99
/sun-moon-earth-movement-simulator/north-lauderdale-fl/,414,2,98
/sun-moon-earth-movement-simulator/north-little-rock-ar/,419,2,99
/sun-moon-earth-movement-simulator/north-miami-beach-fl/,419,2,99
/sun-moon-earth-movement-simulator/north-miami-fl/,417,2,98
/sun-moon-earth-movement-simulator/north-port-fl/,416,2,98
/sun-moon-earth-movement-simulator/north-richland-hills-tx/,418,2,99
/sun-moon-earth-movement-simulator/northglenn-co/,408,2,97
/sun-moon-earth-movement-simulator/norwalk-ca/,409,2,97
/sun-moon-earth-movement-simulator/norwalk-ct/,409,2,97
/sun-moon-earth-movement-simulator/norwich-ct/,409,2,97
/sun-moon-earth-movement-simulator/noumea/,401,1,97
/sun-moon-earth-movement-simulator/novato-ca/,410,2,97
/sun-moon-earth-movement-simulator/novi-mi/,410,2,97
/sun-moon-earth-movement-simulator/o-fallon-mo/,411,2,97
/sun-moon-earth-movement-simulator/oak-lawn-il/,414,2,98
/sun-moon-earth-movement-simulator/oak-park-il/,412,2,98
/sun-moon-earth-movement-simulator/oakland-ca/,411,2,97
/sun-moon-earth-movement-simulator/oakland-park-fl/,416,2,98
/sun-moon-earth-movement-simulator/oakley-ca/,409,2,97
/sun-moon-earth-movement-simulator/ocala-fl/,409,2,97
/sun-moon-earth-movement-simulator/oceanside-ca/,410,2,97
/sun-moon-earth-movement-simulator/ocoee-fl/,410,2,97
/sun-moon-earth-movement-simulator/odessa-tx/,409,2,97
/sun-moon-earth-movement-simulator/ogden-ut/,411,2,97
/sun-moon-earth-movement-simulator/oklahoma-city-ok/,413,2,98
/sun-moon-earth-movement-simulator/olathe-ks/,411,2,97
/sun-moon-earth-movement-simulator/olympia-wa/,424,2,97
/sun-moon-earth-movement-simulator/omaha-ne/,413,2,97
/sun-moon-earth-movement-simulator/ontario-ca/,410,2,97
/sun-moon-earth-movement-simulator/orange-ca/,410,2,97
/sun-moon-earth-movement-simulator/orem-ut/,409,2,97
/sun-moon-earth-movement-simulator/orland-park-il/,415,2,98
/sun-moon-earth-movement-simulator/orlando-fl/,410,2,97
/sun-moon-earth-movement-simulator/ormond-beach-fl/,416,2,98
/sun-moon-earth-movement-simulator/oro-valley-az/,415,2,98
/sun-moon-earth-movement-simulator/osaka/,401,1,97
/sun-moon-earth-movement-simulator/oshkosh-wi/,411,2,97
/sun-moon-earth-movement-simulator/oslo/,423,1,105
/sun-moon-earth-movement-simulator/overland-park-ks/,414,2,98
/sun-moon-earth-movement-simulator/owensboro-ky/,409,2,97
/sun-moon-earth-movement-simulator/oxnard-ca/,410,2,97
/sun-moon-earth-movement-simulator/pacifica-ca/,414,2,97
/sun-moon-earth-movement-simulator/pago-pago/,412,2,106
/sun-moon-earth-movement-simulator/palatine-il/,412,2,97
/sun-moon-earth-movement-simulator/palm-bay-fl/,416,2,98
/sun-moon-earth-movement-simulator/palm-beach-gardens-fl/,420,2,99
/sun-moon-earth-movement-simulator/palm-coast-fl/,415,2,98
/sun-moon-earth-movement-simulator/palm-desert-ca/,416,2,98
/sun-moon-earth-movement-simulator/palm-springs-ca/,416,2,98
/sun-moon-earth-movement-simulator/palmdale-ca/,409,2,97
/sun-moon-earth-movement-simulator/palo-alto-ca/,414,2,98
/sun-moon-earth-movement-simulator/panama-city-fl/,412,2,98
/sun-moon-earth-movement-simulator/papeete/,401,1,97
/sun-moon-earth-movement-simulator/paramount-ca/,408,2,97
/sun-moon-earth-movement-simulator/paris/,423,1,105
/sun-moon-earth-movement-simulator/park-ridge-il/,415,2,98
/sun-moon-earth-movement-simulator/parker-co/,408,2,97
/sun-moon-earth-movement-simulator/parma-oh/,409,2,97
/sun-moon-earth-movement-simulator/pasadena-ca/,410,2,97
/sun-moon-earth-movement-simulator/pasadena-tx/,409,2,97
/sun-moon-earth-movement-simulator/pasco-wa/,425,2,97
/sun-moon-earth-movement-simulator/passaic-nj/,411,2,97
/sun-moon-earth-movement-simulator/paterson-nj/,411,2,97
/sun-moon-earth-movement-simulator/pawtucket-ri/,409,2,97
/sun-moon-earth-movement-simulator/peabody-ma/,408,2,97
/sun-moon-earth-movement-simulator/peachtree-corners-ga/,414,2,98
/sun-moon-earth-movement-simulator/pearland-tx/,410,2,97
/sun-moon-earth-movement-simulator/pembroke-pines-fl/,413,2,98
/sun-moon-earth-movement-simulator/pensacola-fl/,409,2,97
/sun-moon-earth-movement-simulator/peoria-az/,407,2,97
/sun-moon-earth-movement-simulator/peoria-il/,409,2,97
/sun-moon-earth-movement-simulator/perris-ca/,411,2,97
/sun-moon-earth-movement-simulator/perth-amboy-nj/,414,2,98
/sun-moon-earth-movement-simulator/perth/,400,1,97
/sun-moon-earth-movement-simulator/petaluma-ca/,411,2,97
/sun-moon-earth-movement-simulator/pflugerville-tx/,410,2,97
/sun-moon-earth-movement-simulator/pharr-tx/,408,2,97
/sun-moon-earth-movement-simulator/phenix-city-al/,413,2,98
/sun-moon-earth-movement-simulator/philadelphia/,406,1,97
/sun-moon-earth-movement-simulator/phoenix/,406,1,97
/sun-moon-earth-movement-simulator/phuket/,404,1,97
/sun-moon-earth-movement-simulator/pico-rivera-ca/,414,2,98
/sun-moon-earth-movement-simulator/pine-bluff-ar/,415,2,98
/sun-moon-earth-movement-simulator/pinellas-park-fl/,413,2,98
/sun-moon-earth-movement-simulator/pittsburg-ca/,409,2,97
/sun-moon-earth-movement-simulator/pittsburgh-pa/,409,2,97
/sun-moon-earth-movement-simulator/pittsfield-ma/,408,2,97
/sun-moon-earth-movement-simulator/placentia-ca/,410,2,97
/sun-moon-earth-movement-simulator/plainfield-il/,409,2,97
/sun-moon-earth-movement-simulator/plainfield-nj/,411,2,97
/sun-moon-earth-movement-simulator/plano-tx/,408,2,97
/sun-moon-earth-movement-simulator/plantation-fl/,410,2,97
/sun-moon-earth-movement-simulator/pleasanton-ca/,410,2,97
/sun-moon-earth-movement-simulator/plymouth-mn/,426,2,97
/sun-moon-earth-movement-simulator/pocatello-id/,410,2,97
/sun-moon-earth-movement-simulator/pomona-ca/,410,2,97
/sun-moon-earth-movement-simulator/pompano-beach-fl/,416,2,98
/sun-moon-earth-movement-simulator/pontiac-mi/,412,2,97
/sun-moon-earth-movement-simulator/port-arthur-tx/,415,2,98
/sun-moon-earth-movement-simulator/port-orange-fl/,415,2,98
/sun-moon-earth-movement-simulator/port-st-lucie-fl/,421,2,99
/sun-moon-earth-movement-simulator/portage-mi/,409,2,97
/sun-moon-earth-movement-simulator/porterville-ca/,408,2,97
/sun-moon-earth-movement-simulator/portland-me/,408,2,97
/sun-moon-earth-movement-simulator/portland/,422,1,97
/sun-moon-earth-movement-simulator/portsmouth-va/,410,2,97
/sun-moon-earth-movement-simulator/poway-ca/,411,2,97
/sun-moon-earth-movement-simulator/prague/,423,1,105
/sun-moon-earth-movement-simulator/prescott-az/,408,2,97
/sun-moon-earth-movement-simulator/prescott-valley-az/,411,2,98
/sun-moon-earth-movement-simulator/providence-ri/,409,2,97
/sun-moon-earth-movement-simulator/provo-ut/,409,2,97
/sun-moon-earth-movement-simulator/pueblo-co/,410,2,97
/sun-moon-earth-movement-simulator/puyallup-wa/,424,2,97
/sun-moon-earth-movement-simulator/queenstown/,415,1,97
/sun-moon-earth-movement-simulator/quincy-il/,410,2,97
/sun-moon-earth-movement-simulator/quincy-ma/,408,2,97
/sun-moon-earth-movement-simulator/racine-wi/,410,2,97
/sun-moon-earth-movement-simulator/raleigh-nc/,410,2,97
/sun-moon-earth-movement-simulator/rancho-cordova-ca/,415,2,98
/sun-moon-earth-movement-simulator/rancho-cucamonga-ca/,412,2,98
/sun-moon-earth-movement-simulator/rancho-palos-verdes-ca/,418,2,99
/sun-moon-earth-movement-simulator/rancho-santa-margarita-ca/,420,2,99
/sun-moon-earth-movement-simulator/rapid-city-sd/,413,2,98
/sun-moon-earth-movement-simulator/reading-pa/,407,2,97
/sun-moon-earth-movement-simulator/redding-ca/,409,2,97
/sun-moon-earth-movement-simulator/redlands-ca/,410,2,97
/sun-moon-earth-movement-simulator/redmond-wa/,422,2,97
/sun-moon-earth-movement-simulator/redondo-beach-ca/,414,2,98
/sun-moon-earth-movement-simulator/redwood-city-ca/,416,2,98
/sun-moon-earth-movement-simulator/reno-nv/,409,2,97
/sun-moon-earth-movement-simulator/renton-wa/,423,2,97
/sun-moon-earth-movement-simulator/revere-ma/,407,2,97
/sun-moon-earth-movement-simulator/reykjavik/,415,1,97
/sun-moon-earth-movement-simulator/rialto-ca/,410,2,97
/sun-moon-earth-movement-simulator/richardson-tx/,408,2,97
/sun-moon-earth-movement-simulator/richland-wa/,425,2,97
/sun-moon-earth-movement-simulator/richmond-ca/,409,2,97
/sun-moon-earth-movement-simulator/richmond-va/,409,2,97
/sun-moon-earth-movement-simulator/rio-de-janeiro/,410,2,99
/sun-moon-earth-movement-simulator/rio-rancho-nm/,414,2,98
/sun-moon-earth-movement-simulator/riverside-ca/,410,2,97
/sun-moon-earth-movement-simulator/riverton-ut/,410,2,97
/sun-moon-earth-movement-simulator/riyadh/,401,1,97
/sun-moon-earth-movement-simulator/roanoke-va/,408,2,97
/sun-moon-earth-movement-simulator/rochester-hills-mi/,414,2,98
/sun-moon-earth-movement-simulator/rochester-mn/,410,2,97
/sun-moon-earth-movement-simulator/rochester-ny/,408,2,97
/sun-moon-earth-movement-simulator/rock-hill-sc/,412,2,98
/sun-moon-earth-movement-simulator/rock-island-il/,414,2,98
/sun-moon-earth-movement-simulator/rockford-il/,409,2,97
/sun-moon-earth-movement-simulator/rocklin-ca/,410,2,97
/sun-moon-earth-movement-simulator/rockville-md/,409,2,97
/sun-moon-earth-movement-simulator/rockwall-tx/,408,2,97
/sun-moon-earth-movement-simulator/rocky-mount-nc/,412,2,98
/sun-moon-earth-movement-simulator/rogers-ar/,409,2,97
/sun-moon-earth-movement-simulator/rohnert-park-ca/,414,2,98
/sun-moon-earth-movement-simulator/rome/,408,1,105
/sun-moon-earth-movement-simulator/romeoville-il/,410,2,97
/sun-moon-earth-movement-simulator/rosemead-ca/,411,2,97
/sun-moon-earth-movement-simulator/roseville-ca/,410,2,97
/sun-moon-earth-movement-simulator/roseville-mi/,411,2,97
/sun-moon-earth-movement-simulator/roswell-ga/,411,2,97
/sun-moon-earth-movement-simulator/roswell-nm/,410,2,97
/sun-moon-earth-movement-simulator/round-rock-tx/,412,2,98
/sun-moon-earth-movement-simulator/rowlett-tx/,408,2,97
/sun-moon-earth-movement-simulator/roy-ut/,411,2,97
/sun-moon-earth-movement-simulator/royal-oak-mi/,414,2,98
/sun-moon-earth-movement-simulator/sacramento-ca/,412,2,97
/sun-moon-earth-movement-simulator/saginaw-mi/,410,2,97
/sun-moon-earth-movement-simulator/salem-ma/,408,2,97
/sun-moon-earth-movement-simulator/salem-or/,409,2,97
/sun-moon-earth-movement-simulator/salina-ks/,408,2,97
/sun-moon-earth-movement-simulator/salinas-ca/,411,2,97
/sun-moon-earth-movement-simulator/salt-lake-city/,417,2,99
/sun-moon-earth-movement-simulator/sammamish-wa/,422,2,97
/sun-moon-earth-movement-simulator/san-angelo-tx/,413,2,98
/sun-moon-earth-movement-simulator/san-antonio-tx/,415,2,98
/sun-moon-earth-movement-simulator/san-bernardino-ca/,413,2,98
/sun-moon-earth-movement-simulator/san-bruno-ca/,416,2,98
/sun-moon-earth-movement-simulator/san-clemente-ca/,418,2,98
/sun-moon-earth-movement-simulator/san-diego/,414,2,98
/sun-moon-earth-movement-simulator/san-francisco/,414,2,98
/sun-moon-earth-movement-simulator/san-gabriel-ca/,414,2,98
/sun-moon-earth-movement-simulator/san-jacinto-ca/,413,2,98
/sun-moon-earth-movement-simulator/san-jose-ca/,414,2,98
/sun-moon-earth-movement-simulator/san-leandro-ca/,414,2,98
/sun-moon-earth-movement-simulator/san-luis-obispo-ca/,418,2,99
/sun-moon-earth-movement-simulator/san-marcos-ca/,412,2,98
/sun-moon-earth-movement-simulator/san-marcos-tx/,415,2,98
/sun-moon-earth-movement-simulator/san-mateo-ca/,418,2,98
/sun-moon-earth-movement-simulator/san-rafael-ca/,412,2,98
/sun-moon-earth-movement-simulator/san-ramon-ca/,414,2,98
/sun-moon-earth-movement-simulator/sandy-springs-ga/,413,2,98
/sun-moon-earth-movement-simulator/sandy-ut/,410,2,97
/sun-moon-earth-movement-simulator/sanford-fl/,410,2,97
/sun-moon-earth-movement-simulator/santa-ana-ca/,414,2,98
/sun-moon-earth-movement-simulator/santa-barbara-ca/,414,2,98
/sun-moon-earth-movement-simulator/santa-clara-ca/,414,2,98
/sun-moon-earth-movement-simulator/santa-clarita-ca/,414,2,98
/sun-moon-earth-movement-simulator/santa-cruz-ca/,414,2,98
/sun-moon-earth-movement-simulator/santa-fe-nm/,413,2,98
/sun-moon-earth-movement-simulator/santa-maria-ca/,415,2,98
/sun-moon-earth-movement-simulator/santa-monica-ca/,413,2,98
/sun-moon-earth-movement-simulator/santa-rosa-ca/,414,2,98
/sun-moon-earth-movement-simulator/santee-ca/,412,2,97
/sun-moon-earth-movement-simulator/santiago/,404,1,97
/sun-moon-earth-movement-simulator/santorini/,401,1,97
/sun-moon-earth-movement-simulator/sao-paulo/,407,2,98
/sun-moon-earth-movement-simulator/sarasota-fl/,411,2,97
/sun-moon-earth-movement-simulator/savannah-ga/,413,2,97
/sun-moon-earth-movement-simulator/sayreville-nj/,411,2,97
/sun-moon-earth-movement-simulator/schaumburg-il/,411,2,97
/sun-moon-earth-movement-simulator/schenectady-ny/,408,2,97
/sun-moon-earth-movement-simulator/scottsdale-az/,407,2,97
/sun-moon-earth-movement-simulator/scranton-pa/,408,2,97
/sun-moon-earth-movement-simulator/seattle/,421,1,97
/sun-moon-earth-movement-simulator/sedona/,407,1,97
/sun-moon-earth-movement-simulator/seoul/,401,1,97
/sun-moon-earth-movement-simulator/shakopee-mn/,411,2,97
/sun-moon-earth-movement-simulator/shanghai/,401,1,97
/sun-moon-earth-movement-simulator/shawnee-ks/,411,2,97
/sun-moon-earth-movement-simulator/sheboygan-wi/,410,2,97
/sun-moon-earth-movement-simulator/shelton-ct/,410,2,97
/sun-moon-earth-movement-simulator/sherman-tx/,409,2,97
/sun-moon-earth-movement-simulator/shoreline-wa/,422,2,97
/sun-moon-earth-movement-simulator/shreveport-la/,409,2,97
/sun-moon-earth-movement-simulator/sierra-vista-az/,415,2,98
/sun-moon-earth-movement-simulator/simi-valley-ca/,414,2,98
/sun-moon-earth-movement-simulator/singapore/,404,1,97
/sun-moon-earth-movement-simulator/sioux-city-ia/,414,2,98
/sun-moon-earth-movement-simulator/sioux-falls-sd/,414,2,98
/sun-moon-earth-movement-simulator/skokie-il/,412,2,97
/sun-moon-earth-movement-simulator/smyrna-ga/,408,2,97
/sun-moon-earth-movement-simulator/smyrna-tn/,407,2,97
/sun-moon-earth-movement-simulator/somerville-ma/,407,2,97
/sun-moon-earth-movement-simulator/south-bend-in/,412,2,98
/sun-moon-earth-movement-simulator/south-gate-ca/,414,2,98
/sun-moon-earth-movement-simulator/south-jordan-ut/,413,2,98
/sun-moon-earth-movement-simulator/south-san-francisco-ca/,419,2,99
/sun-moon-earth-movement-simulator/southaven-ms/,408,2,97
/sun-moon-earth-movement-simulator/southfield-mi/,411,2,97
/sun-moon-earth-movement-simulator/spanish-fork-ut/,412,2,98
/sun-moon-earth-movement-simulator/sparks-nv/,409,2,97
/sun-moon-earth-movement-simulator/spartanburg-sc/,409,2,97
/sun-moon-earth-movement-simulator/spokane-valley-wa/,428,2,98
/sun-moon-earth-movement-simulator/spokane-wa/,425,2,97
/sun-moon-earth-movement-simulator/springdale-ar/,409,2,97
/sun-moon-earth-movement-simulator/springfield-il/,408,2,97
/sun-moon-earth-movement-simulator/springfield-ma/,409,2,97
/sun-moon-earth-movement-simulator/springfield-mo/,409,2,97
/sun-moon-earth-movement-simulator/springfield-oh/,410,2,97
/sun-moon-earth-movement-simulator/springfield-or/,408,2,97
/sun-moon-earth-movement-simulator/st-charles-mo/,414,2,98
/sun-moon-earth-movement-simulator/st-clair-shores-mi/,417,2,99
/sun-moon-earth-movement-simulator/st-cloud-fl/,414,2,98
/sun-moon-earth-movement-simulator/st-cloud-mn/,430,2,98
/sun-moon-earth-movement-simulator/st-george-ut/,414,2,98
/sun-moon-earth-movement-simulator/st-john-s/,424,2,98
/sun-moon-earth-movement-simulator/st-joseph-mo/,415,2,98
/sun-moon-earth-movement-simulator/st-louis-mo/,414,2,98
/sun-moon-earth-movement-simulator/st-louis-park-mn/,417,2,99
/sun-moon-earth-movement-simulator/st-paul-mn/,411,2,98
/sun-moon-earth-movement-simulator/st-peters-mo/,414,2,98
/sun-moon-earth-movement-simulator/st-petersburg-fl/,413,2,98
/sun-moon-earth-movement-simulator/stamford-ct/,411,2,97
/sun-moon-earth-movement-simulator/stanton-ca/,410,2,97
/sun-moon-earth-movement-simulator/state-college-pa/,412,2,98
/sun-moon-earth-movement-simulator/sterling-heights-mi/,416,2,98
/sun-moon-earth-movement-simulator/stillwater-ok/,410,2,97
/sun-moon-earth-movement-simulator/stockholm/,423,1,105
/sun-moon-earth-movement-simulator/stockton-ca/,408,2,97
/sun-moon-earth-movement-simulator/streamwood-il/,410,2,97
/sun-moon-earth-movement-simulator/strongsville-oh/,409,2,97
/sun-moon-earth-movement-simulator/suffolk-va/,410,2,97
/sun-moon-earth-movement-simulator/sugar-land-tx/,413,2,98
/sun-moon-earth-movement-simulator/summerville-sc/,413,2,97
/sun-moon-earth-movement-simulator/sumter-sc/,411,2,97
/sun-moon-earth-movement-simulator/sunnyvale-ca/,412,2,97
/sun-moon-earth-movement-simulator/sunrise-fl/,409,2,97
/sun-moon-earth-movement-simulator/surprise-az/,407,2,97
/sun-moon-earth-movement-simulator/sydney/,400,1,97
/sun-moon-earth-movement-simulator/syracuse-ny/,408,2,97
/sun-moon-earth-movement-simulator/tacoma-wa/,424,2,97
/sun-moon-earth-movement-simulator/taipei/,401,1,97
/sun-moon-earth-movement-simulator/tallahassee-fl/,409,2,97
/sun-moon-earth-movement-simulator/tamarac-fl/,411,2,97
/sun-moon-earth-movement-simulator/tampa-fl/,410,2,97
/sun-moon-earth-movement-simulator/taunton-ma/,410,2,97
/sun-moon-earth-movement-simulator/taylor-mi/,409,2,97
/sun-moon-earth-movement-simulator/taylorsville-ut/,413,2,97
/sun-moon-earth-movement-simulator/tehran/,401,1,97
/sun-moon-earth-movement-simulator/tel-aviv/,404,2,98
/sun-moon-earth-movement-simulator/temecula-ca/,409,2,97
/sun-moon-earth-movement-simulator/tempe-az/,407,2,97
/sun-moon-earth-movement-simulator/temple-tx/,410,2,97
/sun-moon-earth-movement-simulator/terre-haute-in/,412,2,98
/sun-moon-earth-movement-simulator/texarkana-tx/,410,2,97
/sun-moon-earth-movement-simulator/texas-city-tx/,413,2,98
/sun-moon-earth-movement-simulator/the-colony-tx/,413,2,98
/sun-moon-earth-movement-simulator/thornton-co/,408,2,97
/sun-moon-earth-movement-simulator/thousand-oaks-ca/,414,2,98
/sun-moon-earth-movement-simulator/tigard-or/,423,2,97
/sun-moon-earth-movement-simulator/tinley-park-il/,415,2,98
/sun-moon-earth-movement-simulator/titusville-fl/,411,2,97
/sun-moon-earth-movement-simulator/tokyo/,401,1,97
/sun-moon-earth-movement-simulator/toledo-oh/,411,2,97
/sun-moon-earth-movement-simulator/topeka-ks/,409,2,97
/sun-moon-earth-movement-simulator/toronto/,407,1,97
/sun-moon-earth-movement-simulator/torrance-ca/,411,2,97
/sun-moon-earth-movement-simulator/tracy-ca/,408,2,97
/sun-moon-earth-movement-simulator/trenton-nj/,409,2,97
/sun-moon-earth-movement-simulator/troy-mi/,411,2,97
/sun-moon-earth-movement-simulator/troy-ny/,408,2,97
/sun-moon-earth-movement-simulator/tucson-az/,412,2,97
/sun-moon-earth-movement-simulator/tulare-ca/,408,2,97
/sun-moon-earth-movement-simulator/tulsa-ok/,411,2,97
/sun-moon-earth-movement-simulator/turlock-ca/,408,2,97
/sun-moon-earth-movement-simulator/tuscaloosa-al/,408,2,97
/sun-moon-earth-movement-simulator/tustin-ca/,411,2,97
/sun-moon-earth-movement-simulator/twin-falls-id/,413,2,98
/sun-moon-earth-movement-simulator/tyler-tx/,408,2,97
/sun-moon-earth-movement-simulator/union-city-ca/,413,2,98
/sun-moon-earth-movement-simulator/union-city-nj/,413,2,98
/sun-moon-earth-movement-simulator/upland-ca/,410,2,97
/sun-moon-earth-movement-simulator/urbana-il/,409,2,97
/sun-moon-earth-movement-simulator/urbandale-ia/,412,2,97
/sun-moon-earth-movement-simulator/utica-ny/,408,2,97
/sun-moon-earth-movement-simulator/vacaville-ca/,408,2,97
/sun-moon-earth-movement-simulator/valdosta-ga/,409,2,97
/sun-moon-earth-movement-simulator/vallejo-ca/,408,2,97
/sun-moon-earth-movement-simulator/valley-stream-ny/,415,2,98
/sun-moon-earth-movement-simulator/vancouver-wa/,423,2,97
/sun-moon-earth-movement-simulator/vancouver/,421,1,97
/sun-moon-earth-movement-simulator/ventura-ca/,410,2,97
/sun-moon-earth-movement-simulator/victoria-tx/,414,2,97
/sun-moon-earth-movement-simulator/victorville-ca/,410,2,97
/sun-moon-earth-movement-simulator/vienna/,423,1,105
/sun-moon-earth-movement-simulator/vineland-nj/,408,2,97
/sun-moon-earth-movement-simulator/virginia-beach-va/,413,2,98
/sun-moon-earth-movement-simulator/visalia-ca/,408,2,97
/sun-moon-earth-movement-simulator/vista-ca/,409,2,97
/sun-moon-earth-movement-simulator/waco-tx/,409,2,97
/sun-moon-earth-movement-simulator/walnut-creek-ca/,413,2,98
/sun-moon-earth-movement-simulator/waltham-ma/,407,2,97
/sun-moon-earth-movement-simulator/warner-robins-ga/,413,2,98
/sun-moon-earth-movement-simulator/warren-mi/,412,2,97
/sun-moon-earth-movement-simulator/warren-oh/,410,2,97
/sun-moon-earth-movement-simulator/warsaw/,423,1,105
/sun-moon-earth-movement-simulator/warwick-ri/,410,2,97
/sun-moon-earth-movement-simulator/washington-d-c/,414,2,99
/sun-moon-earth-movement-simulator/waterbury-ct/,411,2,97
/sun-moon-earth-movement-simulator/waterloo-ia/,411,2,97
/sun-moon-earth-movement-simulator/watsonville-ca/,411,2,97
/sun-moon-earth-movement-simulator/waukegan-il/,410,2,97
/sun-moon-earth-movement-simulator/waukesha-wi/,410,2,97
/sun-moon-earth-movement-simulator/wausau-wi/,413,2,97
/sun-moon-earth-movement-simulator/wauwatosa-wi/,410,2,97
/sun-moon-earth-movement-simulator/wellington-fl/,414,2,97
/sun-moon-earth-movement-simulator/weslaco-tx/,408,2,97
/sun-moon-earth-movement-simulator/west-allis-wi/,413,2,98
/sun-moon-earth-movement-simulator/west-covina-ca/,415,2,98
/sun-moon-earth-movement-simulator/west-des-moines-ia/,418,2,99
/sun-moon-earth-movement-simulator/west-haven-ct/,413,2,98
/sun-moon-earth-movement-simulator/west-jordan-ut/,415,2,98
/sun-moon-earth-movement-simulator/west-new-york-nj/,417,2,99
/sun-moon-earth-movement-simulator/west-palm-beach-fl/,420,2,99
/sun-moon-earth-movement-simulator/west-sacramento-ca/,415,2,98
/sun-moon-earth-movement-simulator/west-valley-city-ut/,419,2,99
/sun-moon-earth-movement-simulator/westerville-oh/,409,2,97
/sun-moon-earth-movement-simulator/westfield-ma/,409,2,97
/sun-moon-earth-movement-simulator/westland-mi/,410,2,97
/sun-moon-earth-movement-simulator/westminster-ca/,412,2,97
/sun-moon-earth-movement-simulator/westminster-co/,408,2,97
/sun-moon-earth-movement-simulator/weston-fl/,409,2,97
/sun-moon-earth-movement-simulator/weymouth-town-ma/,411,2,98
/sun-moon-earth-movement-simulator/wheaton-il/,410,2,97
/sun-moon-earth-movement-simulator/wheeling-il/,412,2,97
/sun-moon-earth-movement-simulator/white-plains-ny/,414,2,98
/sun-moon-earth-movement-simulator/whittier-ca/,412,2,97
/sun-moon-earth-movement-simulator/wichita-falls-tx/,416,2,98
/sun-moon-earth-movement-simulator/wichita-ks/,408,2,97
/sun-moon-earth-movement-simulator/wilkes-barre-pa/,408,2,97
/sun-moon-earth-movement-simulator/wilmington-de/,407,2,97
/sun-moon-earth-movement-simulator/wilmington-nc/,408,2,97
/sun-moon-earth-movement-simulator/wilson-nc/,409,2,97
/sun-moon-earth-movement-simulator/winston-salem-nc/,409,2,97
/sun-moon-earth-movement-simulator/winter-garden-fl/,413,2,98
/sun-moon-earth-movement-simulator/woburn-ma/,408,2,97
/sun-moon-earth-movement-simulator/woodbury-mn/,409,2,97
/sun-moon-earth-movement-simulator/woodland-ca/,411,2,97
/sun-moon-earth-movement-simulator/woonsocket-ri/,409,2,97
/sun-moon-earth-movement-simulator/worcester-ma/,408,2,97
/sun-moon-earth-movement-simulator/wylie-tx/,408,2,97
/sun-moon-earth-movement-simulator/wyoming-mi/,410,2,97
/sun-moon-earth-movement-simulator/yakima-wa/,423,2,97
/sun-moon-earth-movement-simulator/yonkers-ny/,413,2,97
/sun-moon-earth-movement-simulator/yorba-linda-ca/,413,2,98
/sun-moon-earth-movement-simulator/york-pa/,408,2,97
/sun-moon-earth-movement-simulator/youngstown-oh/,410,2,97
/sun-moon-earth-movement-simulator/yuba-city-ca/,414,2,98
/sun-moon-earth-movement-simulator/yucaipa-ca/,410,2,97
/sun-moon-earth-movement-simulator/yuma-az/,411,2,97
/sun-moon-earth-movement-simulator/zanzibar/,401,1,97
/sun-moon-earth-movement-simulator/zurich/,423,1,105
/sun/,389,0,58
/sun/abilene-tx/,846,3,95
/sun/addison-il/,846,3,95
/sun/adelaide/,854,3,95
/sun/akron-oh/,846,3,95
/sun/alameda-ca/,853,3,95
/sun/albany-ga/,846,3,95
/sun/albany-ny/,846,3,95
/sun/albany-or/,847,3,95
/sun/albuquerque-nm/,847,3,95
/sun/alexandria-la/,846,3,95
/sun/alexandria-va/,852,3,95
/sun/alhambra-ca/,854,3,95
/sun/aliso-viejo-ca/,865,3,96
/sun/allen-tx/,846,3,95
/sun/allentown-pa/,846,3,95
/sun/alpharetta-ga/,846,3,95
/sun/altamonte-springs-fl/,856,3,96
/sun/altoona-pa/,846,3,95
/sun/amarillo-tx/,847,3,95
/sun/ames-ia/,846,3,95
/sun/amsterdam/,859,3,103
/sun/anaheim-ca/,855,3,95
/sun/anchorage/,853,3,95
/sun/anderson-in/,846,3,95
/sun/ankeny-ia/,846,3,95
/sun/ann-arbor-mi/,856,3,96
/sun/annapolis-md/,852,3,95
/sun/antioch-ca/,853,3,95
/sun/anywhere/,388,2,82
/sun/apache-junction-az/,857,3,96
/sun/apex-nc/,846,3,95
/sun/apia/,855,3,103
/sun/apopka-fl/,846,3,95
/sun/apple-valley-ca/,857,3,96
/sun/apple-valley-mn/,857,3,96
/sun/appleton-wi/,846,3,95
/sun/arcadia-ca/,854,3,95
/sun/arlington-heights-il/,856,3,96
/sun/arlington-tx/,846,3,95
/sun/arvada-co/,847,3,95
/sun/asheville-nc/,846,3,95
/sun/athens-clarke-county-ga/,856,3,96
/sun/athens/,851,3,95
/sun/atlanta/,846,3,95
/sun/atlantic-city-nj/,863,3,96
/sun/attleboro-ma/,852,3,95
/sun/auburn-al/,846,3,95
/sun/auburn-wa/,853,3,95
/sun/auckland/,852,3,95
/sun/augusta-richmond-county-ga/,856,3,96
/sun/aurora-co/,847,3,95
/sun/aurora-il/,846,3,95
/sun/austin/,846,3,95
/sun/aventura-fl/,853,3,95
/sun/avondale-az/,847,3,95
/sun/azores/,846,3,95
/sun/azusa-ca/,854,3,95
/sun/baghdad/,852,3,95
/sun/bakersfield-ca/,847,3,95
/sun/baldwin-park-ca/,864,3,96
/sun/bali/,852,3,95
/sun/baltimore-md/,852,3,95
/sun/bangkok/,850,3,95
/sun/bar-harbor/,863,3,96
/sun/barcelona/,859,3,103
/sun/barnstable-town-ma/,863,3,96
/sun/bartlett-il/,846,3,95
/sun/bartlett-tn/,846,3,95
/sun/baton-rouge-la/,856,3,96
/sun/battle-creek-mi/,856,3,96
/sun/bayonne-nj/,856,3,95
/sun/baytown-tx/,854,3,95
/sun/beaumont-ca/,847,3,95
/sun/beaumont-tx/,854,3,95
/sun/beavercreek-oh/,846,3,95
/sun/beaverton-or/,847,3,95
/sun/bedford-tx/,846,3,95
/sun/beijing/,852,3,95
/sun/bell-gardens-ca/,864,3,96
/sun/belleville-il/,846,3,95
/sun/bellevue-ne/,847,3,95
/sun/bellevue-wa/,853,3,95
/sun/bellflower-ca/,854,3,95
/sun/bellingham-wa/,854,3,95
/sun/beloit-wi/,846,3,95
/sun/bend-or/,847,3,95
/sun/bentonville-ar/,846,3,95
/sun/berkeley-ca/,853,3,95
/sun/berlin/,865,3,103
/sun/berwyn-il/,846,3,95
/sun/bethlehem-pa/,846,3,95
/sun/beverly-ma/,852,3,95
/sun/billings-mt/,847,3,95
/sun/biloxi-ms/,855,3,95
/sun/binghamton-ny/,846,3,95
/sun/birmingham-al/,846,3,95
/sun/bismarck-nd/,847,3,95
/sun/blacksburg-va/,846,3,95
/sun/blaine-mn/,847,3,95
/sun/bloomington-il/,846,3,95
/sun/bloomington-in/,846,3,95
/sun/bloomington-mn/,847,3,95
/sun/blue-springs-mo/,856,3,96
/sun/boca-raton-fl/,864,3,96
/sun/bogota/,846,3,95
/sun/boise-id/,847,3,95
/sun/bolingbrook-il/,846,3,95
/sun/bonita-springs-fl/,862,3,96
/sun/bossier-city-la/,856,3,96
/sun/boston/,852,3,95
/sun/boulder-co/,847,3,95
/sun/bountiful-ut/,847,3,95
/sun/bowie-md/,852,3,95
/sun/bowling-green-ky/,856,3,96
/sun/boynton-beach-fl/,864,3,96
/sun/bozeman-mt/,847,3,95
/sun/bradenton-fl/,853,3,95
/sun/brea-ca/,855,3,95
/sun/bremerton-wa/,853,3,95
/sun/brentwood-ca/,853,3,95
/sun/brentwood-tn/,846,3,95
/sun/bridgeport-ct/,852,3,95
/sun/brisbane/,854,3,95
/sun/bristol-ct/,853,3,95
/sun/brockton-ma/,852,3,95
/sun/broken-arrow-ok/,856,3,96
/sun/brookfield-wi/,846,3,95
/sun/brookhaven-ga/,846,3,95
/sun/brooklyn-park-mn/,857,3,96
/sun/broomfield-co/,847,3,95
/sun/brownsville-tx/,853,3,95
/sun/brussels/,859,3,103
/sun/bryan-tx/,846,3,95
/sun/buckeye-az/,847,3,95
/sun/buena-park-ca/,864,3,96
/sun/buenos-aires/,856,3,96
/sun/buffalo-grove-il/,856,3,96
/sun/buffalo-ny/,846,3,95
/sun/bullhead-city-az/,857,3,96
/sun/burbank-ca/,854,3,95
/sun/burien-wa/,853,3,95
/sun/burleson-tx/,846,3,95
/sun/burlington-nc/,846,3,95
/sun/burlington-vt/,846,3,95
/sun/burnsville-mn/,847,3,95
/sun/cabo-san-lucas/,869,3,97
/sun/cairo/,854,3,95
/sun/caldwell-id/,847,3,95
/sun/calexico-ca/,847,3,95
/sun/calgary/,847,3,95
/sun/calumet-city-il/,856,3,96
/sun/camarillo-ca/,854,3,95
/sun/cambridge-ma/,852,3,95
/sun/camden-nj/,855,3,95
/sun/campbell-ca/,847,3,95
/sun/cancun/,846,3,95
/sun/cannon-beach/,863,3,96
/sun/canton-oh/,846,3,95
/sun/cape-coral-fl/,863,3,96
/sun/cape-girardeau-mo/,856,3,96
/sun/cape-town/,864,3,96
/sun/caracas/,844,3,95
/sun/carlsbad-ca/,856,3,95
/sun/carmel-in/,846,3,95
/sun/carol-stream-il/,856,3,96
/sun/carpentersville-il/,846,3,95
/sun/carrollton-tx/,846,3,95
/sun/carson-ca/,854,3,95
/sun/carson-city-nv/,857,3,96
/sun/cary-nc/,846,3,95
/sun/casa-grande-az/,857,3,96
/sun/casablanca/,845,3,95
/sun/casper-wy/,847,3,95
/sun/castle-rock-co/,857,3,96
/sun/cathedral-city-ca/,857,3,96
/sun/cedar-falls-ia/,856,3,96
/sun/cedar-hill-tx/,856,3,96
/sun/cedar-park-tx/,856,3,96
/sun/cedar-rapids-ia/,856,3,96
/sun/centennial-co/,847,3,95
/sun/ceres-ca/,847,3,95
/sun/cerritos-ca/,854,3,95
/sun/champaign-il/,846,3,95
/sun/chandler-az/,847,3,95
/sun/chapel-hill-nc/,856,3,96
/sun/charleston-sc/,852,3,95
/sun/charleston-wv/,846,3,95
/sun/charlotte-nc/,846,3,95
/sun/charlottesville-va/,846,3,95
/sun/chattanooga-tn/,846,3,95
/sun/chelsea-ma/,852,3,95
/sun/chesapeake-va/,853,3,95
/sun/chesterfield-mo/,846,3,95
/sun/cheyenne-wy/,847,3,95
/sun/chicago/,846,3,95
/sun/chico-ca/,847,3,95
/sun/chicopee-ma/,846,3,95
/sun/chino-ca/,855,3,95
/sun/chino-hills-ca/,865,3,96
/sun/chula-vista-ca/,867,3,96
/sun/cicero-il/,846,3,95
/sun/cincinnati-oh/,846,3,95
/sun/citrus-heights-ca/,857,3,96
/sun/clarksville-tn/,846,3,95
/sun/clearwater-fl/,853,3,95
/sun/cleveland-heights-oh/,856,3,96
/sun/cleveland-oh/,846,3,95
/sun/cleveland-tn/,846,3,95
/sun/clifton-nj/,856,3,95
/sun/clovis-ca/,847,3,95
/sun/clovis-nm/,847,3,95
/sun/coachella-ca/,847,3,95
/sun/coconut-creek-fl/,864,3,96
/sun/coeur-d-alene-id/,857,3,96
/sun/college-station-tx/,856,3,96
/sun/collierville-tn/,846,3,95
/sun/colorado-springs-co/,857,3,96
/sun/colton-ca/,847,3,95
/sun/columbia-mo/,846,3,95
/sun/columbia-sc/,846,3,95
/sun/columbus-ga/,846,3,95
/sun/columbus-in/,846,3,95
/sun/columbus-oh/,846,3,95
/sun/commerce-city-co/,857,3,96
/sun/compton-ca/,854,3,95
/sun/concord-ca/,853,3,95
/sun/concord-nc/,846,3,95
/sun/concord-nh/,846,3,95
/sun/conroe-tx/,846,3,95
/sun/conway-ar/,846,3,95
/sun/coon-rapids-mn/,857,3,96
/sun/copenhagen/,859,3,103
/sun/coppell-tx/,846,3,95
/sun/coral-gables-fl/,863,3,96
/sun/coral-springs-fl/,864,3,96
/sun/corona-ca/,855,3,95
/sun/corpus-christi-tx/,862,3,96
/sun/corvallis-or/,847,3,95
/sun/costa-mesa-ca/,865,3,96
/sun/council-bluffs-ia/,857,3,96
/sun/covina-ca/,854,3,95
/sun/covington-ky/,846,3,95
/sun/cranston-ri/,852,3,95
/sun/crystal-lake-il/,856,3,96
/sun/culver-city-ca/,864,3,96
/sun/cupertino-ca/,853,3,95
/sun/cutler-bay-fl/,863,3,96
/sun/cuyahoga-falls-oh/,856,3,96
/sun/cypress-ca/,854,3,95
/sun/dallas/,846,3,95
/sun/daly-city-ca/,864,3,96
/sun/danbury-ct/,852,3,95
/sun/danville-ca/,853,3,95
/sun/danville-va/,846,3,95
/sun/davenport-ia/,846,3,95
/sun/davie-fl/,853,3,95
/sun/davis-ca/,847,3,95
/sun/dayton-oh/,846,3,95
/sun/daytona-beach-fl/,856,3,96
/sun/dearborn-heights-mi/,856,3,96
/sun/dearborn-mi/,846,3,95
/sun/decatur-al/,846,3,95
/sun/decatur-il/,846,3,95
/sun/deerfield-beach-fl/,864,3,96
/sun/dekalb-il/,846,3,95
/sun/delano-ca/,847,3,95
/sun/delhi/,853,3,95
/sun/delray-beach-fl/,864,3,96
/sun/deltona-fl/,846,3,95
/sun/denton-tx/,846,3,95
/sun/denver/,847,3,95
/sun/des-moines-ia/,856,3,96
/sun/des-plaines-il/,856,3,96
/sun/desoto-tx/,846,3,95
/sun/detroit/,846,3,95
/sun/dhaka/,852,3,95
/sun/diamond-bar-ca/,865,3,96
/sun/doral-fl/,853,3,95
/sun/dothan-al/,846,3,95
/sun/dover-de/,852,3,95
/sun/downers-grove-il/,856,3,96
/sun/downey-ca/,854,3,95
/sun/draper-ut/,847,3,95
/sun/dubai/,853,3,95
/sun/dublin-ca/,853,3,95
/sun/dublin-oh/,846,3,95
/sun/dublin/,846,3,95
/sun/dubrovnik/,860,3,103
/sun/dubuque-ia/,846,3,95
/sun/duluth-mn/,847,3,95
/sun/duncanville-tx/,846,3,95
/sun/dunwoody-ga/,846,3,95
/sun/durham-nc/,846,3,95
/sun/eagan-mn/,847,3,95
/sun/east-lansing-mi/,856,3,96
/sun/east-orange-nj/,866,3,96
/sun/east-providence-ri/,862,3,96
/sun/eastvale-ca/,855,3,95
/sun/eau-claire-wi/,857,3,96
/sun/eden-prairie-mn/,857,3,96
/sun/edina-mn/,847,3,95
/sun/edinburg-tx/,846,3,95
/sun/edinburgh/,846,3,95
/sun/edmond-ok/,846,3,95
/sun/edmonds-wa/,853,3,95
/sun/el-cajon-ca/,867,3,96
/sun/el-centro-ca/,857,3,96
/sun/el-monte-ca/,864,3,96
/sun/el-paso-tx/,857,3,96
/sun/elgin-il/,846,3,95
/sun/elizabeth-nj/,856,3,95
/sun/elk-grove-ca/,857,3,96
/sun/elkhart-in/,846,3,95
/sun/elmhurst-il/,846,3,95
/sun/elyria-oh/,846,3,95
/sun/encinitas-ca/,856,3,95
/sun/enid-ok/,847,3,95
/sun/erie-pa/,846,3,95
/sun/escondido-ca/,856,3,95
/sun/euclid-oh/,846,3,95
/sun/eugene-or/,847,3,95
/sun/euless-tx/,846,3,95
/sun/evanston-il/,846,3,95
/sun/evansville-in/,846,3,95
/sun/everett-ma/,852,3,95
/sun/everett-wa/,853,3,95
/sun/fairfield-ca/,847,3,95
/sun/fairfield-oh/,846,3,95
/sun/fall-river-ma/,862,3,96
/sun/fargo-nd/,847,3,95
/sun/farmington-hills-mi/,856,3,96
/sun/farmington-nm/,847,3,95
/sun/fayetteville-ar/,846,3,95
/sun/fayetteville-nc/,846,3,95
/sun/federal-way-wa/,863,3,96
/sun/findlay-oh/,846,3,95
/sun/fishers-in/,846,3,95
/sun/fitchburg-ma/,846,3,95
/sun/flagstaff-az/,847,3,95
/sun/flint-mi/,846,3,95
/sun/florence-al/,846,3,95
/sun/florence-sc/,846,3,95
/sun/florissant-mo/,846,3,95
/sun/flower-mound-tx/,856,3,96
/sun/folsom-ca/,847,3,95
/sun/fond-du-lac-wi/,866,3,97
/sun/fontana-ca/,847,3,95
/sun/fort-collins-co/,857,3,96
/sun/fort-lauderdale-fl/,863,3,96
/sun/fort-myers-fl/,863,3,96
/sun/fort-pierce-fl/,856,3,96
/sun/fort-smith-ar/,856,3,96
/sun/fort-wayne-in/,856,3,96
/sun/fort-worth-tx/,856,3,96
/sun/fountain-valley-ca/,865,3,96
/sun/frankfurt/,859,3,103
/sun/franklin-tn/,846,3,95
/sun/frederick-md/,846,3,95
/sun/freeport-ny/,853,3,95
/sun/fremont-ca/,853,3,95
/sun/fresno-ca/,847,3,95
/sun/friendswood-tx/,854,3,95
/sun/frisco-tx/,846,3,95
/sun/fullerton-ca/,855,3,95
/sun/gainesville-fl/,846,3,95
/sun/gaithersburg-md/,852,3,95
/sun/galveston-tx/,854,3,95
/sun/garden-grove-ca/,865,3,96
/sun/gardena-ca/,854,3,95
/sun/garland-tx/,846,3,95
/sun/gary-in/,846,3,95
/sun/gastonia-nc/,846,3,95
/sun/geneva/,859,3,103
/sun/georgetown-tx/,846,3,95
/sun/germantown-tn/,846,3,95
/sun/gilbert-az/,847,3,95
/sun/gilroy-ca/,853,3,95
/sun/glendale-az/,847,3,95
/sun/glendale-ca/,854,3,95
/sun/glendora-ca/,847,3,95
/sun/glenview-il/,846,3,95
/sun/goodyear-az/,847,3,95
/sun/goose-creek-sc/,862,3,96
/sun/grand-forks-nd/,857,3,96
/sun/grand-island-ne/,857,3,96
/sun/grand-junction-co/,857,3,96
/sun/grand-prairie-tx/,856,3,96
/sun/grand-rapids-mi/,856,3,96
/sun/grapevine-tx/,846,3,95
/sun/great-falls-mt/,857,3,96
/sun/greeley-co/,847,3,95
/sun/green-bay-wi/,856,3,96
/sun/greenacres-fl/,854,3,95
/sun/greenfield-wi/,846,3,95
/sun/greensboro-nc/,846,3,95
/sun/greenville-nc/,846,3,95
/sun/greenville-sc/,846,3,95
/sun/greenwood-in/,846,3,95
/sun/gresham-or/,847,3,95
/sun/grove-city-oh/,856,3,96
/sun/gulfport-ms/,855,3,95
/sun/hackensack-nj/,856,3,95
/sun/hagerstown-md/,846,3,95
/sun/halifax/,846,3,95
/sun/hallandale-beach-fl/,863,3,96
/sun/haltom-city-tx/,856,3,96
/sun/hamilton-oh/,846,3,95
/sun/hammond-in/,846,3,95
/sun/hampton-va/,853,3,95
/sun/hanford-ca/,847,3,95
/sun/hanoi/,850,3,95
/sun/hanover-park-il/,856,3,96
/sun/harlingen-tx/,853,3,95
/sun/harrisburg-pa/,846,3,95
/sun/harrisonburg-va/,846,3,95
/sun/hartford-ct/,846,3,95
/sun/hattiesburg-ms/,846,3,95
/sun/havana/,846,3,95
/sun/haverhill-ma/,853,3,95
/sun/hawthorne-ca/,854,3,95
/sun/hayward-ca/,853,3,95
/sun/helsinki/,866,3,103
/sun/hemet-ca/,847,3,95
/sun/hempstead-ny/,853,3,95
/sun/henderson-nv/,847,3,95
/sun/hendersonville-tn/,846,3,95
/sun/hesperia-ca/,847,3,95
/sun/hialeah-fl/,853,3,95
/sun/hickory-nc/,846,3,95
/sun/high-point-nc/,856,3,96
/sun/highland-ca/,847,3,95
/sun/hillsboro-or/,847,3,95
/sun/hilton-head-island-sc/,873,3,97
/sun/ho-chi-minh-city/,880,3,98
/sun/hoboken-nj/,856,3,95
/sun/hoffman-estates-il/,856,3,96
/sun/hollywood-fl/,853,3,95
/sun/holyoke-ma/,846,3,95
/sun/homestead-fl/,853,3,95
/sun/hong-kong/,864,3,96
/sun/honolulu/,853,3,95
/sun/hoover-al/,846,3,95
/sun/houston/,846,3,95
/sun/huber-heights-oh/,856,3,96
/sun/huntersville-nc/,846,3,95
/sun/huntington-beach-ca/,865,3,96
/sun/huntington-park-ca/,864,3,96
/sun/huntington-wv/,846,3,95
/sun/huntsville-al/,846,3,95
/sun/huntsville-tx/,846,3,95
/sun/hurst-tx/,846,3,95
/sun/hutchinson-ks/,847,3,95
/sun/ibiza/,859,3,103
/sun/idaho-falls-id/,857,3,96
/sun/independence-mo/,846,3,95
/sun/indianapolis-in/,846,3,95
/sun/indio-ca/,847,3,95
/sun/inglewood-ca/,854,3,95
/sun/iowa-city-ia/,856,3,96
/sun/irvine-ca/,855,3,95
/sun/irving-tx/,846,3,95
/sun/istanbul/,849,3,95
/sun/jackson-ms/,846,3,95
/sun/jackson-tn/,846,3,95
/sun/jacksonville-fl/,855,3,95
/sun/jacksonville-nc/,846,3,95
/sun/jakarta/,852,3,95
/sun/janesville-wi/,846,3,95
/sun/jefferson-city-mo/,856,3,96
/sun/jeffersonville-in/,846,3,95
/sun/jersey-city-nj/,866,3,96
/sun/jerusalem/,852,3,95
/sun/johannesburg/,854,3,95
/sun/johns-creek-ga/,856,3,96
/sun/johnson-city-tn/,856,3,96
/sun/joliet-il/,846,3,95
/sun/jonesboro-ar/,846,3,95
/sun/joplin-mo/,846,3,95
/sun/jupiter-fl/,854,3,95
/sun/jurupa-valley-ca/,857,3,96
/sun/kabul/,851,3,95
/sun/kalamazoo-mi/,846,3,95
/sun/kannapolis-nc/,846,3,95
/sun/kansas-city-ks/,856,3,96
/sun/kansas-city-mo/,856,3,96
/sun/karachi/,853,3,95
/sun/kathmandu/,851,3,95
/sun/kearny-nj/,856,3,95
/sun/keizer-or/,847,3,95
/sun/keller-tx/,846,3,95
/sun/kenner-la/,856,3,95
/sun/kennewick-wa/,847,3,95
/sun/kenosha-wi/,846,3,95
/sun/kent-wa/,853,3,95
/sun/kentwood-mi/,846,3,95
/sun/kettering-oh/,846,3,95
/sun/key-west/,863,3,96
/sun/killeen-tx/,846,3,95
/sun/kingsport-tn/,846,3,95
/sun/kirkland-wa/,853,3,95
/sun/kissimmee-fl/,846,3,95
/sun/knoxville-tn/,846,3,95
/sun/kokomo-in/,846,3,95
/sun/kuala-lumpur/,860,3,96
/sun/kyiv/,851,3,95
/sun/la-crosse-wi/,856,3,96
/sun/la-habra-ca/,865,3,96
/sun/la-mesa-ca/,867,3,96
/sun/la-mirada-ca/,864,3,96
/sun/la-puente-ca/,864,3,96
/sun/la-quinta-ca/,857,3,96
/sun/lacey-wa/,853,3,95
/sun/lafayette-in/,846,3,95
/sun/lafayette-la/,846,3,95
/sun/lagos/,863,3,103
/sun/laguna-niguel-ca/,865,3,96
/sun/lake-charles-la/,856,3,96
/sun/lake-elsinore-ca/,865,3,96
/sun/lake-forest-ca/,865,3,96
/sun/lake-havasu-city-az/,867,3,97
/sun/lake-oswego-or/,857,3,96
/sun/lakeland-fl/,846,3,95
/sun/lakeville-mn/,847,3,95
/sun/lakewood-ca/,854,3,95
/sun/lakewood-co/,847,3,95
/sun/lakewood-oh/,846,3,95
/sun/lakewood-wa/,853,3,95
/sun/lancaster-ca/,847,3,95
/sun/lancaster-oh/,846,3,95
/sun/lancaster-pa/,846,3,95
/sun/lancaster-tx/,846,3,95
/sun/lansing-mi/,846,3,95
/sun/laredo-tx/,846,3,95
/sun/largo-fl/,853,3,95
/sun/las-cruces-nm/,857,3,96
/sun/las-vegas/,857,3,96
/sun/lauderhill-fl/,853,3,95
/sun/lawrence-in/,846,3,95
/sun/lawrence-ks/,846,3,95
/sun/lawrence-ma/,852,3,95
/sun/lawton-ok/,846,3,95
/sun/layton-ut/,847,3,95
/sun/league-city-tx/,864,3,96
/sun/lee-s-summit-mo/,856,3,96
/sun/leesburg-va/,852,3,95
/sun/lehi-ut/,847,3,95
/sun/lenexa-ks/,846,3,95
/sun/leominster-ma/,846,3,95
/sun/lewisville-tx/,846,3,95
/sun/lexington-fayette-ky/,846,3,95
/sun/lima-oh/,846,3,95
/sun/lima/,846,3,95
/sun/lincoln-ca/,847,3,95
/sun/lincoln-ne/,847,3,95
/sun/lincoln-park-mi/,856,3,96
/sun/linden-nj/,856,3,95
/sun/lisbon/,848,3,95
/sun/little-rock-ar/,856,3,96
/sun/littleton-co/,847,3,95
/sun/livermore-ca/,853,3,95
/sun/livonia-mi/,846,3,95
/sun/lodi-ca/,847,3,95
/sun/logan-ut/,847,3,95
/sun/lombard-il/,846,3,95
/sun/lompoc-ca/,847,3,95
/sun/london/,854,3,103
/sun/long-beach-ca/,864,3,96
/sun/longmont-co/,847,3,95
/sun/longview-tx/,846,3,95
/sun/lorain-oh/,846,3,95
/sun/los-angeles/,864,3,96
/sun/louisville-ky/,846,3,95
/sun/loveland-co/,847,3,95
/sun/lowell-ma/,852,3,95
/sun/lubbock-tx/,847,3,95
/sun/lynchburg-va/,846,3,95
/sun/lynn-ma/,852,3,95
/sun/lynwood-ca/,854,3,95
/sun/macon-ga/,846,3,95
/sun/madera-ca/,847,3,95
/sun/madison-al/,846,3,95
/sun/madison-wi/,846,3,95
/sun/madrid/,856,3,103
/sun/malden-ma/,852,3,95
/sun/male/,851,3,95
/sun/malibu/,854,3,95
/sun/manassas-va/,852,3,95
/sun/manchester-nh/,846,3,95
/sun/manhattan-ks/,847,3,95
/sun/manila/,852,3,95
/sun/mankato-mn/,847,3,95
/sun/mansfield-oh/,846,3,95
/sun/mansfield-tx/,846,3,95
/sun/manteca-ca/,847,3,95
/sun/maple-grove-mn/,857,3,96
/sun/maplewood-mn/,847,3,95
/sun/marana-az/,847,3,95
/sun/margate-fl/,854,3,95
/sun/maricopa-az/,847,3,95
/sun/marietta-ga/,846,3,95
/sun/marlborough-ma/,852,3,95
/sun/marrakech/,845,3,95
/sun/martinez-ca/,853,3,95
/sun/marysville-wa/,854,3,95
/sun/mcallen-tx/,846,3,95
/sun/mckinney-tx/,846,3,95
/sun/medford-ma/,852,3,95
/sun/medford-or/,847,3,95
/sun/melbourne-fl/,855,3,95
/sun/melbourne/,854,3,95
/sun/memphis-tn/,846,3,95
/sun/menifee-ca/,847,3,95
/sun/mentor-oh/,846,3,95
/sun/merced-ca/,847,3,95
/sun/meriden-ct/,853,3,95
/sun/meridian-id/,847,3,95
/sun/meridian-ms/,846,3,95
/sun/mesa-az/,847,3,95
/sun/mesquite-tx/,846,3,95
/sun/methuen-ma/,852,3,95
/sun/mexico-city/,856,3,96
/sun/miami-beach-fl/,863,3,96
/sun/miami-gardens-fl/,863,3,96
/sun/miami/,853,3,95
/sun/middletown-ct/,853,3,95
/sun/middletown-oh/,846,3,95
/sun/midland-mi/,846,3,95
/sun/midland-tx/,847,3,95
/sun/midwest-city-ok/,856,3,96
/sun/milan/,859,3,103
/sun/milford-ct/,852,3,95
/sun/milpitas-ca/,853,3,95
/sun/milwaukee-wi/,846,3,95
/sun/minneapolis/,847,3,95
/sun/minnetonka-mn/,847,3,95
/sun/minot-nd/,847,3,95
/sun/miramar-fl/,853,3,95
/sun/mishawaka-in/,846,3,95
/sun/mission-tx/,846,3,95
/sun/mission-viejo-ca/,865,3,96
/sun/missoula-mt/,847,3,95
/sun/missouri-city-tx/,856,3,96
/sun/mobile-al/,854,3,95
/sun/modesto-ca/,847,3,95
/sun/moline-il/,846,3,95
/sun/monroe-la/,846,3,95
/sun/monrovia-ca/,854,3,95
/sun/montclair-ca/,855,3,95
/sun/montebello-ca/,854,3,95
/sun/monterey-park-ca/,864,3,96
/sun/montgomery-al/,846,3,95
/sun/montreal/,846,3,95
/sun/moore-ok/,846,3,95
/sun/moorhead-mn/,847,3,95
/sun/moreno-valley-ca/,857,3,96
/sun/morgan-hill-ca/,857,3,96
/sun/moscow/,850,3,95
/sun/mount-pleasant-sc/,862,3,96
/sun/mount-prospect-il/,856,3,96
/sun/mount-vernon-ny/,863,3,96
/sun/mountain-view-ca/,863,3,96
/sun/mumbai/,853,3,95
/sun/muncie-in/,846,3,95
/sun/murfreesboro-tn/,846,3,95
/sun/murray-ut/,847,3,95
/sun/murrieta-ca/,847,3,95
/sun/muskegon-mi/,846,3,95
/sun/muskogee-ok/,846,3,95
/sun/nairobi/,852,3,95
/sun/nampa-id/,847,3,95
/sun/napa-ca/,847,3,95
/sun/naperville-il/,846,3,95
/sun/nashua-nh/,846,3,95
/sun/nashville/,846,3,95
/sun/national-city-ca/,867,3,96
/sun/near-me/,572,3,82
/sun/new-bedford-ma/,863,3,96
/sun/new-berlin-wi/,856,3,96
/sun/new-braunfels-tx/,856,3,96
/sun/new-britain-ct/,863,3,96
/sun/new-brunswick-nj/,863,3,96
/sun/new-haven-ct/,863,3,96
/sun/new-orleans/,866,3,96
/sun/new-rochelle-ny/,863,3,96
/sun/new-york/,866,3,96
/sun/newark-ca/,853,3,95
/sun/newark-nj/,856,3,95
/sun/newark-oh/,846,3,95
/sun/newport-beach-ca/,865,3,96
/sun/newport-news-va/,863,3,96
/sun/newton-ma/,852,3,95
/sun/niagara-falls-ny/,856,3,96
/sun/nice/,859,3,103
/sun/noblesville-in/,846,3,95
/sun/nome/,847,3,95
/sun/norfolk-va/,853,3,95
/sun/normal-il/,846,3,95
/sun/norman-ok/,846,3,95
/sun/north-charleston-sc/,862,3,96
/sun/north-las-vegas-nv/,867,3,97
/sun/north-lauderdale-fl/,864,3,96
/sun/north-little-rock-ar/,866,3,97
/sun/north-miami-beach-fl/,873,3,97
/sun/north-miami-fl/,863,3,96
/sun/north-port-fl/,856,3,96
/sun/north-richland-hills-tx/,866,3,97
/sun/northglenn-co/,847,3,95
/sun/norwalk-ca/,854,3,95
/sun/norwalk-ct/,852,3,95
/sun/norwich-ct/,853,3,95
/sun/noumea/,851,3,95
/sun/novato-ca/,854,3,95
/sun/novi-mi/,846,3,95
/sun/o-fallon-mo/,846,3,95
/sun/oak-lawn-il/,856,3,96
/sun/oak-park-il/,856,3,96
/sun/oakland-ca/,853,3,95
/sun/oakland-park-fl/,863,3,96
/sun/oakley-ca/,847,3,95
/sun/ocala-fl/,846,3,95
/sun/oceanside-ca/,856,3,95
/sun/ocoee-fl/,846,3,95
/sun/odessa-tx/,847,3,95
/sun/ogden-ut/,847,3,95
/sun/oklahoma-city-ok/,856,3,96
/sun/olathe-ks/,846,3,95
/sun/olympia-wa/,853,3,95
/sun/omaha-ne/,847,3,95
/sun/ontario-ca/,855,3,95
/sun/orange-ca/,855,3,95
/sun/orem-ut/,847,3,95
/sun/orland-park-il/,856,3,96
/sun/orlando-fl/,846,3,95
/sun/ormond-beach-fl/,856,3,96
/sun/oro-valley-az/,857,3,96
/sun/osaka/,852,3,95
/sun/oshkosh-wi/,846,3,95
/sun/oslo/,859,3,103
/sun/overland-park-ks/,856,3,96
/sun/owensboro-ky/,846,3,95
/sun/oxnard-ca/,854,3,95
/sun/pacifica-ca/,854,3,95
/sun/pago-pago/,874,3,104
/sun/palatine-il/,846,3,95
/sun/palm-bay-fl/,865,3,96
/sun/palm-beach-gardens-fl/,874,3,97
/sun/palm-coast-fl/,864,3,96
/sun/palm-desert-ca/,857,3,96
/sun/palm-springs-ca/,857,3,96
/sun/palmdale-ca/,847,3,95
/sun/palo-alto-ca/,863,3,96
/sun/panama-city-fl/,863,3,96
/sun/papeete/,845,3,95
/sun/paramount-ca/,854,3,95
/sun/paris/,859,3,103
/sun/park-ridge-il/,856,3,96
/sun/parker-co/,847,3,95
/sun/parma-oh/,846,3,95
/sun/pasadena-ca/,854,3,95
/sun/pasadena-tx/,846,3,95
/sun/pasco-wa/,847,3,95
/sun/passaic-nj/,856,3,95
/sun/paterson-nj/,856,3,95
/sun/pawtucket-ri/,852,3,95
/sun/peabody-ma/,852,3,95
/sun/peachtree-corners-ga/,856,3,96
/sun/pearland-tx/,854,3,95
/sun/pembroke-pines-fl/,863,3,96
/sun/pensacola-fl/,852,3,95
/sun/peoria-az/,847,3,95
/sun/peoria-il/,846,3,95
/sun/perris-ca/,847,3,95
/sun/perth-amboy-nj/,863,3,96
/sun/perth/,854,3,95
/sun/petaluma-ca/,854,3,95
/sun/pflugerville-tx/,846,3,95
/sun/pharr-tx/,846,3,95
/sun/phenix-city-al/,856,3,96
/sun/philadelphia/,855,3,95
/sun/phoenix/,847,3,95
/sun/phuket/,850,3,95
/sun/pico-rivera-ca/,864,3,96
/sun/pine-bluff-ar/,856,3,96
/sun/pinellas-park-fl/,863,3,96
/sun/pittsburg-ca/,853,3,95
/sun/pittsburgh-pa/,846,3,95
/sun/pittsfield-ma/,846,3,95
/sun/placentia-ca/,855,3,95
/sun/plainfield-il/,846,3,95
/sun/plainfield-nj/,856,3,95
/sun/plano-tx/,846,3,95
/sun/plantation-fl/,853,3,95
/sun/pleasanton-ca/,853,3,95
/sun/plymouth-mn/,847,3,95
/sun/pocatello-id/,847,3,95
/sun/pomona-ca/,855,3,95
/sun/pompano-beach-fl/,864,3,96
/sun/pontiac-mi/,846,3,95
/sun/port-arthur-tx/,864,3,96
/sun/port-orange-fl/,856,3,96
/sun/port-st-lucie-fl/,866,3,97
/sun/portage-mi/,846,3,95
/sun/porterville-ca/,847,3,95
/sun/portland-me/,852,3,95
/sun/portland/,847,3,95
/sun/portsmouth-va/,853,3,95
/sun/poway-ca/,856,3,95
/sun/prague/,865,3,103
/sun/prescott-az/,847,3,95
/sun/prescott-valley-az/,857,3,96
/sun/providence-ri/,852,3,95
/sun/provo-ut/,847,3,95
/sun/pueblo-co/,847,3,95
/sun/puyallup-wa/,853,3,95
/sun/queenstown/,851,3,95
/sun/quincy-il/,846,3,95
/sun/quincy-ma/,852,3,95
/sun/racine-wi/,846,3,95
/sun/raleigh-nc/,846,3,95
/sun/rancho-cordova-ca/,857,3,96
/sun/rancho-cucamonga-ca/,857,3,96
/sun/rancho-palos-verdes-ca/,874,3,97
/sun/rancho-santa-margarita-ca/,875,3,97
/sun/rapid-city-sd/,857,3,96
/sun/reading-pa/,846,3,95
/sun/redding-ca/,847,3,95
/sun/redlands-ca/,847,3,95
/sun/redmond-wa/,853,3,95
/sun/redondo-beach-ca/,864,3,96
/sun/redwood-city-ca/,863,3,96
/sun/reno-nv/,847,3,95
/sun/renton-wa/,853,3,95
/sun/revere-ma/,852,3,95
/sun/reykjavik/,846,3,95
/sun/rialto-ca/,847,3,95
/sun/richardson-tx/,846,3,95
/sun/richland-wa/,847,3,95
/sun/richmond-ca/,854,3,95
/sun/richmond-va/,846,3,95
/sun/rio-de-janeiro/,866,3,97
/sun/rio-rancho-nm/,857,3,96
/sun/riverside-ca/,847,3,95
/sun/riverton-ut/,847,3,95
/sun/riyadh/,852,3,95
/sun/roanoke-va/,846,3,95
/sun/rochester-hills-mi/,856,3,96
/sun/rochester-mn/,847,3,95
/sun/rochester-ny/,846,3,95
/sun/rock-hill-sc/,856,3,96
/sun/rock-island-il/,856,3,96
/sun/rockford-il/,846,3,95
/sun/rocklin-ca/,847,3,95
/sun/rockville-md/,852,3,95
/sun/rockwall-tx/,846,3,95
/sun/rocky-mount-nc/,856,3,96
/sun/rogers-ar/,846,3,95
/sun/rohnert-park-ca/,864,3,96
/sun/rome/,865,3,103
/sun/romeoville-il/,846,3,95
/sun/rosemead-ca/,854,3,95
/sun/roseville-ca/,847,3,95
/sun/roseville-mi/,846,3,95
/sun/roswell-ga/,846,3,95
/sun/roswell-nm/,847,3,95
/sun/round-rock-tx/,856,3,96
/sun/rowlett-tx/,846,3,95
/sun/roy-ut/,847,3,95
/sun/royal-oak-mi/,856,3,96
/sun/sacramento-ca/,847,3,95
/sun/saginaw-mi/,846,3,95
/sun/salem-ma/,852,3,95
/sun/salem-or/,847,3,95
/sun/salina-ks/,847,3,95
/sun/salinas-ca/,853,3,95
/sun/salt-lake-city/,867,3,97
/sun/sammamish-wa/,853,3,95
/sun/san-angelo-tx/,856,3,96
/sun/san-antonio-tx/,856,3,96
/sun/san-bernardino-ca/,857,3,96
/sun/san-bruno-ca/,863,3,96
/sun/san-clemente-ca/,865,3,96
/sun/san-diego/,867,3,96
/sun/san-francisco/,864,3,96
/sun/san-gabriel-ca/,864,3,96
/sun/san-jacinto-ca/,857,3,96
/sun/san-jose-ca/,857,3,96
/sun/san-leandro-ca/,863,3,96
/sun/san-luis-obispo-ca/,875,3,97
/sun/san-marcos-ca/,866,3,96
/sun/san-marcos-tx/,856,3,96
/sun/san-mateo-ca/,863,3,96
/sun/san-rafael-ca/,864,3,96
/sun/san-ramon-ca/,863,3,96
/sun/sandy-springs-ga/,856,3,96
/sun/sandy-ut/,847,3,95
/sun/sanford-fl/,846,3,95
/sun/santa-ana-ca/,865,3,96
/sun/santa-barbara-ca/,864,3,96
/sun/santa-clara-ca/,863,3,96
/sun/santa-clarita-ca/,864,3,96
/sun/santa-cruz-ca/,863,3,96
/sun/santa-fe-nm/,857,3,96
/sun/santa-maria-ca/,865,3,96
/sun/santa-monica-ca/,864,3,96
/sun/santa-rosa-ca/,864,3,96
/sun/santee-ca/,857,3,95
/sun/santiago/,846,3,95
/sun/santorini/,851,3,95
/sun/sao-paulo/,856,3,96
/sun/sarasota-fl/,853,3,95
/sun/savannah-ga/,853,3,95
/sun/sayreville-nj/,853,3,95
/sun/schaumburg-il/,846,3,95
/sun/schenectady-ny/,846,3,95
/sun/scottsdale-az/,847,3,95
/sun/scranton-pa/,846,3,95
/sun/seattle/,853,3,95
/sun/sedona/,847,3,95
/sun/seoul/,852,3,95
/sun/shakopee-mn/,847,3,95
/sun/shanghai/,852,3,95
/sun/shawnee-ks/,846,3,95
/sun/sheboygan-wi/,846,3,95
/sun/shelton-ct/,853,3,95
/sun/sherman-tx/,846,3,95
/sun/shoreline-wa/,853,3,95
/sun/shreveport-la/,846,3,95
/sun/sierra-vista-az/,857,3,96
/sun/simi-valley-ca/,864,3,96
/sun/singapore/,852,3,95
/sun/sioux-city-ia/,857,3,96
/sun/sioux-falls-sd/,857,3,96
/sun/skokie-il/,846,3,95
/sun/smyrna-ga/,846,3,95
/sun/smyrna-tn/,846,3,95
/sun/somerville-ma/,852,3,95
/sun/south-bend-in/,856,3,96
/sun/south-gate-ca/,864,3,96
/sun/south-jordan-ut/,857,3,96
/sun/south-san-francisco-ca/,873,3,97
/sun/southaven-ms/,846,3,95
/sun/southfield-mi/,846,3,95
/sun/spanish-fork-ut/,857,3,96
/sun/sparks-nv/,847,3,95
/sun/spartanburg-sc/,846,3,95
/sun/spokane-valley-wa/,857,3,96
/sun/spokane-wa/,847,3,95
/sun/springdale-ar/,846,3,95
/sun/springfield-il/,846,3,95
/sun/springfield-ma/,846,3,95
/sun/springfield-mo/,846,3,95
/sun/springfield-oh/,846,3,95
/sun/springfield-or/,847,3,95
/sun/st-charles-mo/,856,3,96
/sun/st-clair-shores-mi/,866,3,97
/sun/st-cloud-fl/,856,3,96
/sun/st-cloud-mn/,857,3,96
/sun/st-george-ut/,857,3,96
/sun/st-john-s/,856,3,96
/sun/st-joseph-mo/,856,3,96
/sun/st-louis-mo/,856,3,96
/sun/st-louis-park-mn/,867,3,97
/sun/st-paul-mn/,857,3,96
/sun/st-peters-mo/,856,3,96
/sun/st-petersburg-fl/,863,3,96
/sun/stamford-ct/,852,3,95
/sun/stanton-ca/,855,3,95
/sun/state-college-pa/,856,3,96
/sun/state/alabama/,167,0,46
/sun/state/alaska/,167,0,46
/sun/state/arizona/,164,0,46
/sun/state/arkansas/,164,0,46
/sun/state/california/,167,0,46
/sun/state/colorado/,164,0,46
/sun/state/connecticut/,167,0,46
/sun/state/delaware/,164,0,46
/sun/state/district-of-columbia/,166,0,46
/sun/state/florida/,167,0,46
/sun/state/georgia/,167,0,46
/sun/state/hawaii/,167,0,46
/sun/state/idaho/,164,0,46
/sun/state/illinois/,164,0,46
/sun/state/indiana/,164,0,46
/sun/state/iowa/,164,0,46
/sun/state/kansas/,164,0,46
/sun/state/kentucky/,164,0,46
/sun/state/louisiana/,167,0,46
/sun/state/maine/,167,0,46
/sun/state/maryland/,167,0,46
/sun/state/massachusetts/,167,0,46
/sun/state/michigan/,164,0,46
/sun/state/minnesota/,164,0,46
/sun/state/mississippi/,164,0,46
/sun/state/missouri/,164,0,46
/sun/state/montana/,164,0,46
/sun/state/nebraska/,164,0,46
/sun/state/nevada/,164,0,46
/sun/state/new-hampshire/,165,0,46
/sun/state/new-jersey/,169,0,46
/sun/state/new-mexico/,165,0,46
/sun/state/new-york/,169,0,46
/sun/state/north-carolina/,169,0,46
/sun/state/north-dakota/,165,0,46
/sun/state/ohio/,164,0,46
/sun/state/oklahoma/,164,0,46
/sun/state/oregon/,167,0,46
/sun/state/pennsylvania/,164,0,46
/sun/state/rhode-island/,169,0,46
/sun/state/south-carolina/,169,0,46
/sun/state/south-dakota/,165,0,46
/sun/state/tennessee/,164,0,46
/sun/state/texas/,167,0,46
/sun/state/utah/,164,0,46
/sun/state/vermont/,164,0,46
/sun/state/virginia/,167,0,46
/sun/state/washington/,167,0,46
/sun/state/west-virginia/,165,0,46
/sun/state/wisconsin/,164,0,46
/sun/state/wyoming/,164,0,46
/sun/sterling-heights-mi/,856,3,96
/sun/stillwater-ok/,846,3,95
/sun/stockholm/,865,3,103
/sun/stockton-ca/,847,3,95
/sun/streamwood-il/,846,3,95
/sun/strongsville-oh/,846,3,95
/sun/suffolk-va/,853,3,95
/sun/sugar-land-tx/,856,3,96
/sun/summerville-sc/,852,3,95
/sun/sumter-sc/,846,3,95
/sun/sunnyvale-ca/,853,3,95
/sun/sunrise-fl/,853,3,95
/sun/surprise-az/,847,3,95
/sun/sydney/,854,3,95
/sun/syracuse-ny/,846,3,95
/sun/tacoma-wa/,853,3,95
/sun/taipei/,852,3,95
/sun/tallahassee-fl/,846,3,95
/sun/tamarac-fl/,854,3,95
/sun/tampa-fl/,853,3,95
/sun/taunton-ma/,852,3,95
/sun/taylor-mi/,846,3,95
/sun/taylorsville-ut/,847,3,95
/sun/tehran/,853,3,95
/sun/tel-aviv/,862,3,96
/sun/temecula-ca/,847,3,95
/sun/tempe-az/,847,3,95
/sun/temple-tx/,846,3,95
/sun/terre-haute-in/,856,3,96
/sun/texarkana-tx/,846,3,95
/sun/texas-city-tx/,864,3,96
/sun/the-colony-tx/,856,3,96
/sun/thornton-co/,847,3,95
/sun/thousand-oaks-ca/,864,3,96
/sun/tigard-or/,847,3,95
/sun/tinley-park-il/,856,3,96
/sun/titusville-fl/,855,3,95
/sun/tokyo/,852,3,95
/sun/toledo-oh/,846,3,95
/sun/topeka-ks/,846,3,95
/sun/toronto/,846,3,95
/sun/torrance-ca/,854,3,95
/sun/tracy-ca/,847,3,95
/sun/trenton-nj/,855,3,95
/sun/troy-mi/,846,3,95
/sun/troy-ny/,846,3,95
/sun/tucson-az/,847,3,95
/sun/tulare-ca/,847,3,95
/sun/tulsa-ok/,846,3,95
/sun/turlock-ca/,847,3,95
/sun/tuscaloosa-al/,846,3,95
/sun/tustin-ca/,855,3,95
/sun/twin-falls-id/,857,3,96
/sun/tyler-tx/,846,3,95
/sun/union-city-ca/,863,3,96
/sun/union-city-nj/,866,3,96
/sun/upland-ca/,847,3,95
/sun/urbana-il/,846,3,95
/sun/urbandale-ia/,846,3,95
/sun/utica-ny/,846,3,95
/sun/vacaville-ca/,847,3,95
/sun/valdosta-ga/,846,3,95
/sun/vallejo-ca/,853,3,95
/sun/valley-stream-ny/,863,3,96
/sun/vancouver-wa/,847,3,95
/sun/vancouver/,847,3,95
/sun/ventura-ca/,854,3,95
/sun/victoria-tx/,846,3,95
/sun/victorville-ca/,847,3,95
/sun/vienna/,865,3,103
/sun/vineland-nj/,855,3,95
/sun/virginia-beach-va/,865,3,96
/sun/visalia-ca/,847,3,95
/sun/vista-ca/,856,3,95
/sun/waco-tx/,846,3,95
/sun/walnut-creek-ca/,863,3,96
/sun/waltham-ma/,852,3,95
/sun/warner-robins-ga/,856,3,96
/sun/warren-mi/,846,3,95
/sun/warren-oh/,846,3,95
/sun/warsaw/,860,3,103
/sun/warwick-ri/,852,3,95
/sun/washington-d-c/,874,3,97
/sun/waterbury-ct/,853,3,95
/sun/waterloo-ia/,846,3,95
/sun/watsonville-ca/,853,3,95
/sun/waukegan-il/,846,3,95
/sun/waukesha-wi/,846,3,95
/sun/wausau-wi/,846,3,95
/sun/wauwatosa-wi/,846,3,95
/sun/wellington-fl/,854,3,95
/sun/weslaco-tx/,846,3,95
/sun/west-allis-wi/,856,3,96
/sun/west-covina-ca/,864,3,96
/sun/west-des-moines-ia/,866,3,97
/sun/west-haven-ct/,863,3,96
/sun/west-jordan-ut/,857,3,96
/sun/west-new-york-nj/,876,3,97
/sun/west-palm-beach-fl/,874,3,97
/sun/west-sacramento-ca/,857,3,96
/sun/west-valley-city-ut/,867,3,97
/sun/westerville-oh/,846,3,95
/sun/westfield-ma/,846,3,95
/sun/westland-mi/,846,3,95
/sun/westminster-ca/,855,3,95
/sun/westminster-co/,847,3,95
/sun/weston-fl/,853,3,95
/sun/weymouth-town-ma/,862,3,96
/sun/wheaton-il/,846,3,95
/sun/wheeling-il/,846,3,95
/sun/white-plains-ny/,863,3,96
/sun/whittier-ca/,854,3,95
/sun/wichita-falls-tx/,856,3,96
/sun/wichita-ks/,847,3,95
/sun/wilkes-barre-pa/,846,3,95
/sun/wilmington-de/,855,3,95
/sun/wilmington-nc/,852,3,95
/sun/wilson-nc/,846,3,95
/sun/winston-salem-nc/,846,3,95
/sun/winter-garden-fl/,856,3,96
/sun/woburn-ma/,852,3,95
/sun/woodbury-mn/,847,3,95
/sun/woodland-ca/,847,3,95
/sun/woonsocket-ri/,852,3,95
/sun/worcester-ma/,846,3,95
/sun/wylie-tx/,846,3,95
/sun/wyoming-mi/,846,3,95
/sun/yakima-wa/,847,3,95
/sun/yonkers-ny/,853,3,95
/sun/yorba-linda-ca/,865,3,96
/sun/york-pa/,846,3,95
/sun/youngstown-oh/,846,3,95
/sun/yuba-city-ca/,857,3,96
/sun/yucaipa-ca/,847,3,95
/sun/yuma-az/,847,3,95
/sun/zanzibar/,852,3,95
/sun/zurich/,859,3,103
/tides/,521,0,52
/tides/alabama/,218,1,91
/tides/alameda-ca/,1143,4,83
/tides/alaska/,206,1,91
/tides/anchorage-ak/,1154,4,84
/tides/annapolis-md/,1133,4,83
/tides/apalachicola-fl/,1171,4,83
/tides/astoria-or/,1131,4,83
/tides/atlantic-city-nj/,1133,4,83
/tides/baltimore-md/,1132,4,83
/tides/bandon-or/,974,4,83
/tides/bar-harbor-me/,1159,4,83
/tides/bay-st-louis-ms/,1138,4,83
/tides/beaufort-nc/,1157,4,83
/tides/biggest-tides/,398,2,78
/tides/boston-ma/,1137,4,83
/tides/bridgeport-ct/,1143,4,83
/tides/california/,218,1,91
/tides/cannon-beach-or/,977,4,83
/tides/cape-canaveral-fl/,1134,4,83
/tides/cape-may-nj/,1169,4,83
/tides/capitola-ca/,975,4,83
/tides/carmel-ca/,975,4,83
/tides/cedar-key-fl/,1167,4,83
/tides/charleston-or/,1169,4,83
/tides/charleston-sc/,1128,4,83
/tides/clearwater-beach-fl/,1144,4,83
/tides/cocoa-beach-fl/,1005,5,83
/tides/connecticut/,206,1,91
/tides/coos-bay-or/,984,4,83
/tides/crescent-city-ca/,1182,4,83
/tides/dauphin-island-al/,1136,4,83
/tides/daytona-beach-fl/,1005,5,83
/tides/depoe-bay-or/,991,4,83
/tides/des-moines-wa/,990,5,83
/tides/destin-fl/,964,4,83
/tides/duck-nc/,1160,4,83
/tides/eastport-me/,1179,4,83
/tides/edmonds-wa/,980,5,83
/tides/fernandina-beach-fl/,1142,4,83
/tides/florida/,218,1,91
/tides/fort-lauderdale-fl/,995,5,83
/tides/fort-myers-fl/,1144,4,83
/tides/friday-harbor-wa/,1160,4,83
/tides/galveston-tx/,1140,4,83
/tides/georgia/,218,1,91
/tides/grand-isle-la/,1165,4,83
/tides/guam/,1172,4,83
/tides/gulf-shores-al/,984,5,83
/tides/half-moon-bay-ca/,1005,4,83
/tides/hawaii/,206,1,91
/tides/hilo-hi/,1162,4,83
/tides/hilton-head-sc/,998,5,83
/tides/honolulu-hi/,1136,4,83
/tides/humboldt-bay-ca/,1185,4,83
/tides/huntington-beach-ca/,1002,4,83
/tides/jacksonville-fl/,1140,4,83
/tides/juneau-ak/,1183,4,84
/tides/kauai-hi/,1159,4,83
/tides/ketchikan-ak/,1185,4,84
/tides/key-west-fl/,1143,4,83
/tides/kings-point-ny/,1141,4,83
/tides/kiptopeke-va/,1132,4,83
/tides/kodiak-ak/,1179,4,84
/tides/la-jolla-ca/,1155,4,83
/tides/laguna-beach-ca/,1002,4,83
/tides/lewes-de/,1119,4,83
/tides/lincoln-city-or/,991,4,83
/tides/long-beach-wa/,1000,5,83
/tides/los-angeles-ca/,1154,4,83
/tides/louisiana/,206,1,91
/tides/maine/,206,1,91
/tides/malibu-ca/,985,4,83
/tides/marathon-fl/,1167,4,83
/tides/maryland/,206,1,91
/tides/massachusetts/,206,1,91
/tides/maui-hi/,1175,4,83
/tides/mendocino-ca/,1182,4,83
/tides/miami-fl/,1132,4,83
/tides/mobile-al/,1129,4,83
/tides/montauk-ny/,1159,4,83
/tides/monterey-ca/,1143,4,83
/tides/morro-bay-ca/,1005,4,83
/tides/myrtle-beach-sc/,1166,4,83
/tides/nags-head-nc/,996,4,83
/tides/nantucket-ma/,1138,4,83
/tides/naples-fl/,1134,4,83
/tides/neah-bay-wa/,1192,4,83
/tides/near-me/,724,4,83
/tides/new-haven-ct/,1153,4,83
/tides/new-jersey/,221,1,93
/tides/new-london-ct/,1150,4,83
/tides/new-orleans-la/,1128,4,83
/tides/new-york-ny/,1136,4,83
/tides/new-york/,209,1,93
/tides/newport-beach-ca/,1155,4,83
/tides/newport-or/,1169,4,83
/tides/newport-ri/,1122,4,83
/tides/nikiski-ak/,1197,4,86
/tides/norfolk-va/,1133,4,83
/tides/north-carolina/,221,1,93
/tides/ocean-city-md/,1168,4,83
/tides/ocean-city-nj/,988,4,83
/tides/ocean-shores-wa/,1000,5,83
/tides/oceanside-ca/,999,4,83
/tides/oregon/,218,1,91
/tides/outer-banks-nc/,1163,4,83
/tides/pacific-city-or/,991,4,83
/tides/pacifica-ca/,985,4,83
/tides/pago-pago-as/,1140,4,83
/tides/palm-beach-fl/,1131,4,83
/tides/panama-city-fl/,1135,4,83
/tides/pensacola-fl/,1126,4,83
/tides/philadelphia-pa/,1128,4,83
/tides/pismo-beach-ca/,1005,4,83
/tides/point-reyes-ca/,1151,4,83
/tides/port-angeles-wa/,1191,4,83
/tides/port-aransas-tx/,973,4,83
/tides/port-isabel-tx/,1123,4,83
/tides/port-san-luis-ca/,1164,4,83
/tides/port-townsend-wa/,1160,4,83
/tides/portland-me/,1149,4,83
/tides/portsmouth-nh/,1154,4,83
/tides/providence-ri/,1129,4,83
/tides/rehoboth-beach-de/,984,4,83
/tides/rhode-island/,209,1,93
/tides/rockaway-beach-or/,977,4,83
/tides/rockport-tx/,1125,4,83
/tides/sabine-pass-tx/,1150,4,83
/tides/san-diego-ca/,1157,4,83
/tides/san-francisco-ca/,1153,4,83
/tides/san-juan-pr/,1165,5,83
/tides/sandy-hook-nj/,1133,4,83
/tides/santa-barbara-ca/,1155,4,83
/tides/santa-cruz-ca/,985,4,83
/tides/santa-monica-ca/,1154,4,83
/tides/sarasota-fl/,981,4,83
/tides/sausalito-ca/,985,4,83
/tides/savannah-ga/,1135,4,83
/tides/seaside-or/,967,4,83
/tides/seattle-wa/,1151,4,83
/tides/seward-ak/,1185,4,84
/tides/siesta-key-fl/,991,4,83
/tides/sitka-ak/,1183,4,84
/tides/skagway-ak/,1185,4,84
/tides/south-carolina/,221,1,93
/tides/south-padre-island-tx/,983,5,83
/tides/st-augustine-fl/,1141,4,83
/tides/st-petersburg-fl/,1145,4,83
/tides/st-simons-island-ga/,1190,4,83
/tides/tacoma-wa/,1151,4,83
/tides/texas/,218,1,91
/tides/tiburon-ca/,985,4,83
/tides/toke-point-wa/,1190,4,83
/tides/tybee-island-ga/,991,5,83
/tides/valdez-ak/,1185,4,84
/tides/virginia-beach-va/,1144,4,83
/tides/virginia/,206,1,91
/tides/waldport-or/,981,4,83
/tides/washington-dc/,1117,4,83
/tides/washington/,218,1,91
/tides/wildwood-nj/,985,4,83
/tides/wilmington-nc/,1130,4,83
/tides/woods-hole-ma/,1147,4,83
/tides/wrightsville-beach-nc/,1132,4,83
/tides/yachats-or/,981,4,83
/time-difference-calculator/,397,1,76
/time/,316,0,44
/timer/,719,4,93
/timer/1-hour/,469,1,75
/timer/1-minute-15-seconds/,445,1,75
/timer/1-minute-30-seconds/,446,1,75
/timer/1-minute-45-seconds/,445,1,75
/timer/1-minute/,450,1,75
/timer/10-minutes/,447,1,75
/timer/100-minutes/,470,1,75
/timer/105-minutes/,470,1,75
/timer/11-minutes/,445,1,75
/timer/110-minutes/,470,1,75
/timer/115-minutes/,470,1,75
/timer/12-minutes/,445,1,75
/timer/13-minutes/,445,1,75
/timer/14-minutes/,445,1,75
/timer/15-minutes/,448,1,75
/timer/15-seconds/,444,1,75
/timer/16-minutes/,446,1,75
/timer/17-minutes/,448,1,75
/timer/18-minutes/,448,1,75
/timer/19-minutes/,448,1,75
/timer/2-hours/,467,1,75
/timer/2-minutes-30-seconds/,446,1,75
/timer/2-minutes/,447,1,75
/timer/20-minutes/,450,1,75
/timer/21-minutes/,448,1,75
/timer/22-minutes/,448,1,75
/timer/23-minutes/,448,1,75
/timer/24-minutes/,448,1,75
/timer/25-minutes/,447,1,75
/timer/26-minutes/,448,1,75
/timer/27-minutes/,448,1,75
/timer/28-minutes/,448,1,75
/timer/29-minutes/,448,1,75
/timer/3-minutes-30-seconds/,446,1,75
/timer/3-minutes/,447,1,75
/timer/30-minutes/,464,1,75
/timer/30-seconds/,450,1,75
/timer/35-minutes/,461,1,75
/timer/4-minutes-30-seconds/,446,1,75
/timer/4-minutes/,450,1,75
/timer/40-minutes/,461,1,75
/timer/45-minutes/,464,1,75
/timer/45-seconds/,449,1,75
/timer/5-minutes-30-seconds/,445,1,75
/timer/5-minutes/,447,1,75
/timer/50-minutes/,463,1,75
/timer/55-minutes/,461,1,75
/timer/6-minutes-30-seconds/,445,1,75
/timer/6-minutes/,445,1,75
/timer/65-minutes/,470,1,75
/timer/7-minutes-30-seconds/,445,1,75
/timer/7-minutes/,445,1,75
/timer/70-minutes/,470,1,75
/timer/75-minutes/,470,1,75
/timer/8-minutes-30-seconds/,445,1,75
/timer/8-minutes/,445,1,75
/timer/80-minutes/,470,1,75
/timer/85-minutes/,470,1,75
/timer/9-minutes-30-seconds/,445,1,75
/timer/9-minutes/,445,1,75
/timer/90-minutes/,474,1,75
/timer/95-minutes/,470,1,75
/timer/brush-teeth-timer/,326,1,120
/timer/egg-timer/,310,0,45
/timer/meditation-timer/,331,1,120
/timer/plank-timer/,328,1,120
/timer/study-timer/,333,1,120
/timer/tea-timer/,332,1,120
/timer/workout-timer/,326,1,120
/trending/,143,0,48
/uranus-and-moons-simulator/,1304,5,135
/venus-simulator/,971,5,100
/widget/,19,0,19
/world-clock/,470,1,69
/world-clock/adelaide/,443,0,54
/world-clock/amsterdam/,442,0,54
/world-clock/anchorage/,437,0,54
/world-clock/apia/,422,0,54
/world-clock/athens/,442,0,54
/world-clock/atlanta/,437,0,54
/world-clock/auckland/,439,0,54
/world-clock/austin/,437,0,54
/world-clock/azores/,434,0,54
/world-clock/baghdad/,422,0,54
/world-clock/bangkok/,419,0,54
/world-clock/barcelona/,442,0,54
/world-clock/beijing/,422,0,54
/world-clock/berlin/,442,0,54
/world-clock/bogota/,420,0,54
/world-clock/boston/,437,0,54
/world-clock/brisbane/,425,0,54
/world-clock/brussels/,442,0,54
/world-clock/buenos-aires/,433,0,54
/world-clock/cairo/,442,0,54
/world-clock/calgary/,437,0,54
/world-clock/cape-town/,439,0,54
/world-clock/caracas/,417,0,54
/world-clock/casablanca/,438,0,54
/world-clock/chicago/,437,0,54
/world-clock/copenhagen/,442,0,54
/world-clock/dallas/,437,0,54
/world-clock/delhi/,425,0,54
/world-clock/denver/,437,0,54
/world-clock/detroit/,437,0,54
/world-clock/dhaka/,422,0,54
/world-clock/dubai/,422,0,54
/world-clock/dublin/,438,0,54
/world-clock/edinburgh/,441,0,54
/world-clock/frankfurt/,442,0,54
/world-clock/geneva/,442,0,54
/world-clock/halifax/,437,0,54
/world-clock/hanoi/,419,0,54
/world-clock/havana/,437,0,54
/world-clock/helsinki/,442,0,54
/world-clock/ho-chi-minh-city/,455,0,54
/world-clock/hong-kong/,437,0,54
/world-clock/honolulu/,420,0,54
/world-clock/houston/,437,0,54
/world-clock/istanbul/,422,0,54
/world-clock/jakarta/,422,0,54
/world-clock/jerusalem/,439,0,54
/world-clock/johannesburg/,427,0,54
/world-clock/kabul/,422,0,54
/world-clock/karachi/,422,0,54
/world-clock/kathmandu/,422,0,54
/world-clock/kuala-lumpur/,431,0,54
/world-clock/kyiv/,442,0,54
/world-clock/lagos/,422,0,54
/world-clock/las-vegas/,449,0,54
/world-clock/lima/,420,0,54
/world-clock/lisbon/,441,0,54
/world-clock/london/,441,0,54
/world-clock/los-angeles/,449,0,54
/world-clock/madrid/,442,0,54
/world-clock/manila/,422,0,54
/world-clock/melbourne/,437,0,54
/world-clock/mexico-city/,432,0,54
/world-clock/miami/,437,0,54
/world-clock/milan/,442,0,54
/world-clock/minneapolis/,437,0,54
/world-clock/montreal/,437,0,54
/world-clock/moscow/,422,0,54
/world-clock/mumbai/,425,0,54
/world-clock/nairobi/,422,0,54
/world-clock/nashville/,437,0,54
/world-clock/new-orleans/,449,0,54
/world-clock/new-york/,449,0,54
/world-clock/noumea/,427,0,54
/world-clock/osaka/,422,0,54
/world-clock/oslo/,442,0,54
/world-clock/pago-pago/,437,0,54
/world-clock/paris/,442,0,54
/world-clock/perth/,425,0,54
/world-clock/philadelphia/,437,0,54
/world-clock/phoenix/,420,0,54
/world-clock/portland/,437,0,54
/world-clock/prague/,442,0,54
/world-clock/reykjavik/,419,0,54
/world-clock/rio-de-janeiro/,444,0,54
/world-clock/riyadh/,424,0,54
/world-clock/rome/,442,0,54
/world-clock/salt-lake-city/,461,0,54
/world-clock/san-diego/,449,0,54
/world-clock/san-francisco/,449,0,54
/world-clock/santiago/,432,0,54
/world-clock/sao-paulo/,432,0,54
/world-clock/seattle/,437,0,54
/world-clock/seoul/,424,0,54
/world-clock/shanghai/,422,0,54
/world-clock/singapore/,422,0,54
/world-clock/st-john-s/,455,0,54
/world-clock/stockholm/,442,0,54
/world-clock/sydney/,437,0,54
/world-clock/taipei/,422,0,54
/world-clock/tehran/,425,0,54
/world-clock/tel-aviv/,451,0,54
/world-clock/tokyo/,422,0,54
/world-clock/toronto/,437,0,54
/world-clock/vancouver/,437,0,54
/world-clock/vienna/,442,0,54
/world-clock/warsaw/,442,0,54
/world-clock/washington-d-c/,464,0,54
/world-clock/zurich/,442,0,54
/wrong-date/,159,0,38
